coo: 51.9284597_4.4784905;E 00:00:00;A 00:00:00;E 01:00:00;A 01:00:00;E 02:00:00;A 02:00:00;E 03:00:00;A 03:00:00;E 04:00:00;A 04:00:00;E 05:00:00;A 05:00:00;E 06:00:00;A 06:00:00;E 07:00:00;A 07:00:00;E 08:00:00;A 08:00:00;E 09:00:00;A 09:00:00;E 10:00:00;A 10:00:00;E 11:00:00;A 11:00:00;E 12:00:00;A 12:00:00;E 13:00:00;A 13:00:00;E 14:00:00;A 14:00:00;E 15:00:00;A 15:00:00;E 16:00:00;A 16:00:00;E 17:00:00;A 17:00:00;E 18:00:00;A 18:00:00;E 19:00:00;A 19:00:00;E 20:00:00;A 20:00:00;E 21:00:00;A 21:00:00;E 22:00:00;A 22:00:00;E 23:00:00;A 23:00:00;
2019-01-01;--;--;--;--;--;--;--;--;--;--;--;--;--;--;--;--;--;--;--;--;--;--;0.38;129.97;6.79;142.22;11.58;155.33;14.41;169.19;15.00;183.44;13.32;197.57;9.51;211.10;3.90;223.80;--;--;--;--;--;--;--;--;--;--;
2019-01-02;--;--;--;--;--;--;--;--;--;--;--;--;--;--;--;--;--;--;--;--;--;--;0.39;129.83;6.82;142.08;11.64;155.19;14.48;169.07;15.09;183.33;13.43;197.48;9.63;211.03;4.02;223.74;--;--;--;--;--;--;--;--;--;--;
2019-01-03;--;--;--;--;--;--;--;--;--;--;--;--;--;--;--;--;--;--;--;--;--;--;0.42;129.70;6.86;141.95;11.70;155.06;14.56;168.94;15.19;183.23;13.54;197.39;9.76;210.96;4.16;223.69;--;--;--;--;--;--;--;--;--;--;
2019-01-04;--;--;--;--;--;--;--;--;--;--;--;--;--;--;--;--;--;--;--;--;--;--;0.45;129.55;6.91;141.81;11.76;154.93;14.64;168.82;15.30;183.12;13.66;197.30;9.89;210.90;4.30;223.64;--;--;--;--;--;--;--;--;--;--;
2019-01-05;--;--;--;--;--;--;--;--;--;--;--;--;--;--;--;--;--;--;--;--;--;--;0.49;129.41;6.96;141.67;11.84;154.80;14.74;168.70;15.41;183.02;13.79;197.22;10.03;210.83;4.44;223.60;--;--;--;--;--;--;--;--;--;--;
2019-01-06;--;--;--;--;--;--;--;--;--;--;--;--;--;--;--;--;--;--;--;--;--;--;0.53;129.26;7.03;141.52;11.92;154.66;14.84;168.58;15.53;182.92;13.92;197.14;10.17;210.78;4.59;223.57;--;--;--;--;--;--;--;--;--;--;
2019-01-07;--;--;--;--;--;--;--;--;--;--;--;--;--;--;--;--;--;--;--;--;--;--;0.59;129.11;7.10;141.38;12.01;154.53;14.95;168.46;15.66;182.82;14.07;197.06;10.32;210.72;4.75;223.53;--;--;--;--;--;--;--;--;--;--;
2019-01-08;--;--;--;--;--;--;--;--;--;--;--;--;--;--;--;--;--;--;--;--;--;--;0.65;128.96;7.17;141.24;12.10;154.39;15.06;168.34;15.79;182.72;14.21;196.99;10.48;210.68;4.91;223.51;--;--;--;--;--;--;--;--;--;--;
2019-01-09;--;--;--;--;--;--;--;--;--;--;--;--;--;--;--;--;--;--;--;--;--;--;0.71;128.81;7.26;141.09;12.21;154.26;15.19;168.22;15.93;182.62;14.37;196.92;10.65;210.63;5.08;223.48;--;--;--;--;--;--;--;--;--;--;
2019-01-10;--;--;--;--;--;--;--;--;--;--;--;--;--;--;--;--;--;--;--;--;--;--;0.79;128.65;7.35;140.94;12.32;154.12;15.32;168.10;16.08;182.53;14.53;196.85;10.81;210.59;5.25;223.47;--;--;--;--;--;--;--;--;--;--;
2019-01-11;--;--;--;--;--;--;--;--;--;--;--;--;--;--;--;--;--;--;--;--;--;--;0.87;128.49;7.45;140.79;12.44;153.99;15.46;167.99;16.24;182.43;14.70;196.79;10.99;210.55;5.43;223.45;--;--;--;--;--;--;--;--;--;--;
2019-01-12;--;--;--;--;--;--;--;--;--;--;--;--;--;--;--;--;--;--;--;--;--;--;0.96;128.33;7.55;140.64;12.56;153.85;15.60;167.87;16.40;182.34;14.87;196.73;11.17;210.52;5.62;223.45;--;--;--;--;--;--;--;--;--;--;
2019-01-13;--;--;--;--;--;--;--;--;--;--;--;--;--;--;--;--;--;--;--;--;--;--;1.05;128.17;7.67;140.49;12.70;153.71;15.75;167.76;16.57;182.26;15.05;196.67;11.36;210.50;5.81;223.45;--;--;--;--;--;--;--;--;--;--;
2019-01-14;--;--;--;--;--;--;--;--;--;--;--;--;--;--;--;--;--;--;--;--;--;--;1.15;128.00;7.79;140.34;12.84;153.58;15.91;167.64;16.74;182.17;15.24;196.62;11.55;210.47;6.00;223.45;--;--;--;--;--;--;--;--;--;--;
2019-01-15;--;--;--;--;--;--;--;--;--;--;--;--;--;--;--;--;--;--;--;--;--;--;1.26;127.84;7.91;140.18;12.98;153.44;16.08;167.53;16.93;182.09;15.43;196.57;11.75;210.45;6.20;223.46;-0.82;235.57;--;--;--;--;--;--;--;--;
2019-01-16;--;--;--;--;--;--;--;--;--;--;--;--;--;--;--;--;--;--;--;--;--;--;1.38;127.67;8.05;140.03;13.14;153.30;16.25;167.42;17.11;182.01;15.63;196.52;11.95;210.44;6.40;223.47;-0.62;235.61;--;--;--;--;--;--;--;--;
2019-01-17;--;--;--;--;--;--;--;--;--;--;--;--;--;--;--;--;--;--;--;--;--;--;1.50;127.50;8.19;139.87;13.30;153.17;16.43;167.31;17.31;181.93;15.84;196.48;12.16;210.43;6.61;223.49;-0.41;235.65;--;--;--;--;--;--;--;--;
2019-01-18;--;--;--;--;--;--;--;--;--;--;--;--;--;--;--;--;--;--;--;--;--;--;1.63;127.33;8.34;139.72;13.47;153.03;16.62;167.20;17.51;181.86;16.05;196.44;12.38;210.43;6.83;223.51;-0.20;235.70;--;--;--;--;--;--;--;--;
2019-01-19;--;--;--;--;--;--;--;--;--;--;--;--;--;--;--;--;--;--;--;--;--;--;1.77;127.16;8.49;139.56;13.64;152.89;16.81;167.09;17.72;181.78;16.27;196.41;12.60;210.43;7.05;223.54;0.01;235.75;--;--;--;--;--;--;--;--;
2019-01-20;--;--;--;--;--;--;--;--;--;--;--;--;--;--;--;--;--;--;--;--;--;--;1.91;126.99;8.66;139.41;13.82;152.76;17.02;166.98;17.94;181.71;16.49;196.38;12.82;210.43;7.27;223.58;0.23;235.81;--;--;--;--;--;--;--;--;
2019-01-21;--;--;--;--;--;--;--;--;--;--;--;--;--;--;--;--;--;--;--;--;--;--;2.06;126.82;8.82;139.25;14.01;152.62;17.22;166.88;18.16;181.65;16.72;196.35;13.05;210.44;7.49;223.62;0.45;235.87;--;--;--;--;--;--;--;--;
2019-01-22;--;--;--;--;--;--;--;--;--;--;--;--;--;--;--;--;--;--;--;--;--;--;2.22;126.65;9.00;139.09;14.21;152.49;17.44;166.78;18.38;181.58;16.95;196.33;13.29;210.46;7.73;223.66;0.68;235.94;--;--;--;--;--;--;--;--;
2019-01-23;--;--;--;--;--;--;--;--;--;--;--;--;--;--;--;--;--;--;--;--;--;--;2.38;126.47;9.18;138.93;14.41;152.36;17.66;166.68;18.62;181.52;17.19;196.31;13.53;210.48;7.96;223.71;0.91;236.01;--;--;--;--;--;--;--;--;
2019-01-24;--;--;--;--;--;--;--;--;--;--;--;--;--;--;--;--;--;--;--;--;--;--;2.55;126.30;9.37;138.78;14.62;152.22;17.88;166.58;18.85;181.47;17.44;196.30;13.77;210.50;8.20;223.77;1.14;236.09;--;--;--;--;--;--;--;--;
2019-01-25;--;--;--;--;--;--;--;--;--;--;--;--;--;--;--;--;--;--;--;--;--;--;2.73;126.12;9.57;138.62;14.83;152.09;18.11;166.48;19.10;181.41;17.69;196.28;14.02;210.53;8.44;223.83;1.37;236.18;--;--;--;--;--;--;--;--;
2019-01-26;--;--;--;--;--;--;--;--;--;--;--;--;--;--;--;--;--;--;--;--;--;--;2.91;125.94;9.77;138.46;15.05;151.96;18.35;166.39;19.35;181.36;17.94;196.28;14.27;210.57;8.69;223.90;1.61;236.27;--;--;--;--;--;--;--;--;
2019-01-27;--;--;--;--;--;--;--;--;--;--;--;--;--;--;--;--;--;--;--;--;--;--;3.10;125.77;9.97;138.30;15.28;151.83;18.60;166.29;19.61;181.31;18.20;196.28;14.53;210.60;8.94;223.97;1.85;236.37;--;--;--;--;--;--;--;--;
2019-01-28;--;--;--;--;--;--;--;--;--;--;--;--;--;--;--;--;--;--;--;--;--;--;3.30;125.59;10.19;138.15;15.51;151.70;18.85;166.20;19.87;181.27;18.47;196.28;14.79;210.65;9.20;224.05;2.10;236.47;--;--;--;--;--;--;--;--;
2019-01-29;--;--;--;--;--;--;--;--;--;--;--;--;--;--;--;--;--;--;--;--;--;--;3.50;125.41;10.41;137.99;15.75;151.57;19.10;166.11;20.13;181.22;18.74;196.28;15.06;210.70;9.45;224.13;2.35;236.58;--;--;--;--;--;--;--;--;
2019-01-30;--;--;--;--;--;--;--;--;--;--;--;--;--;--;--;--;--;--;--;--;--;--;3.71;125.23;10.64;137.83;16.00;151.45;19.36;166.03;20.41;181.18;19.01;196.29;15.33;210.75;9.71;224.22;2.60;236.69;--;--;--;--;--;--;--;--;
2019-01-31;--;--;--;--;--;--;--;--;--;--;--;--;--;--;--;--;--;--;--;--;--;--;3.92;125.05;10.87;137.68;16.25;151.32;19.63;165.94;20.68;181.15;19.29;196.31;15.60;210.81;9.98;224.31;2.85;236.81;--;--;--;--;--;--;--;--;
2019-02-01;--;--;--;--;--;--;--;--;--;--;--;--;--;--;--;--;--;--;--;--;--;--;4.14;124.88;11.11;137.52;16.51;151.20;19.90;165.86;20.97;181.12;19.57;196.33;15.88;210.88;10.25;224.41;3.11;236.94;--;--;--;--;--;--;--;--;
2019-02-02;--;--;--;--;--;--;--;--;--;--;--;--;--;--;--;--;--;--;--;--;--;--;4.37;124.70;11.35;137.36;16.77;151.07;20.18;165.78;21.25;181.09;19.86;196.35;16.16;210.94;10.52;224.52;3.37;237.07;--;--;--;--;--;--;--;--;
2019-02-03;--;--;--;--;--;--;--;--;--;--;--;--;--;--;--;--;--;--;--;--;--;--;4.60;124.52;11.60;137.21;17.04;150.95;20.47;165.70;21.55;181.06;20.15;196.38;16.45;211.02;10.79;224.63;3.63;237.20;--;--;--;--;--;--;--;--;
2019-02-04;--;--;--;--;--;--;--;--;--;--;--;--;--;--;--;--;--;--;--;--;--;--;4.84;124.34;11.86;137.05;17.31;150.83;20.75;165.62;21.84;181.04;20.45;196.41;16.74;211.10;11.06;224.74;3.89;237.35;--;--;--;--;--;--;--;--;
2019-02-05;--;--;--;--;--;--;--;--;--;--;--;--;--;--;--;--;--;--;--;--;--;--;5.08;124.16;12.12;136.90;17.59;150.71;21.05;165.55;22.14;181.02;20.75;196.45;17.03;211.18;11.34;224.86;4.15;237.49;--;--;--;--;--;--;--;--;
2019-02-06;--;--;--;--;--;--;--;--;--;--;--;--;--;--;--;--;--;--;--;--;--;--;5.33;123.98;12.38;136.75;17.87;150.59;21.35;165.48;22.45;181.00;21.05;196.49;17.32;211.27;11.62;224.99;4.42;237.64;--;--;--;--;--;--;--;--;
2019-02-07;--;--;--;--;--;--;--;--;--;--;--;--;--;--;--;--;--;--;--;--;--;--;5.58;123.81;12.65;136.59;18.16;150.47;21.65;165.41;22.76;180.99;21.36;196.53;17.62;211.36;11.91;225.12;4.69;237.80;--;--;--;--;--;--;--;--;
2019-02-08;--;--;--;--;--;--;--;--;--;--;--;--;--;--;--;--;--;--;--;--;--;--;5.84;123.63;12.93;136.44;18.46;150.36;21.96;165.34;23.08;180.98;21.67;196.58;17.92;211.46;12.19;225.26;4.96;237.96;--;--;--;--;--;--;--;--;
2019-02-09;--;--;--;--;--;--;--;--;--;--;--;--;--;--;--;--;--;--;--;--;--;--;6.11;123.45;13.21;136.29;18.76;150.24;22.27;165.28;23.39;180.98;21.99;196.64;18.22;211.57;12.48;225.40;5.24;238.13;--;--;--;--;--;--;--;--;
2019-02-10;--;--;--;--;--;--;--;--;--;--;--;--;--;--;--;--;--;--;--;--;--;--;6.38;123.27;13.50;136.14;19.06;150.13;22.59;165.21;23.72;180.98;22.31;196.70;18.53;211.68;12.77;225.54;5.51;238.30;--;--;--;--;--;--;--;--;
2019-02-11;--;--;--;--;--;--;--;--;--;--;--;--;--;--;--;--;--;--;--;--;--;--;6.65;123.10;13.79;135.99;19.37;150.01;22.91;165.15;24.04;180.98;22.63;196.76;18.84;211.79;13.07;225.69;5.79;238.48;--;--;--;--;--;--;--;--;
2019-02-12;--;--;--;--;--;--;--;--;--;--;--;--;--;--;--;--;--;--;--;--;--;--;6.93;122.92;14.09;135.84;19.68;149.90;23.24;165.10;24.37;180.98;22.96;196.83;19.15;211.91;13.36;225.85;6.06;238.66;--;--;--;--;--;--;--;--;
2019-02-13;--;--;--;--;--;--;--;--;--;--;--;--;--;--;--;--;--;--;--;--;--;--;7.22;122.74;14.39;135.69;20.00;149.79;23.57;165.04;24.71;180.99;23.28;196.90;19.47;212.03;13.66;226.01;6.34;238.85;--;--;--;--;--;--;--;--;
2019-02-14;--;--;--;--;--;--;--;--;--;--;--;--;--;--;--;--;--;--;--;--;-0.77;110.50;7.51;122.57;14.70;135.54;20.32;149.69;23.90;164.99;25.05;181.00;23.62;196.97;19.78;212.16;13.95;226.18;6.62;239.04;--;--;--;--;--;--;--;--;
2019-02-15;--;--;--;--;--;--;--;--;--;--;--;--;--;--;--;--;--;--;--;--;-0.49;110.30;7.80;122.39;15.01;135.39;20.65;149.58;24.24;164.94;25.39;181.02;23.95;197.05;20.10;212.29;14.25;226.35;6.91;239.23;--;--;--;--;--;--;--;--;
2019-02-16;--;--;--;--;--;--;--;--;--;--;--;--;--;--;--;--;--;--;--;--;-0.20;110.11;8.10;122.22;15.32;135.24;20.98;149.47;24.59;164.89;25.73;181.04;24.29;197.14;20.42;212.43;14.55;226.52;7.19;239.44;--;--;--;--;--;--;--;--;
2019-02-17;--;--;--;--;--;--;--;--;--;--;--;--;--;--;--;--;--;--;--;--;0.08;109.91;8.40;122.04;15.64;135.10;21.32;149.37;24.93;164.84;26.08;181.06;24.63;197.23;20.74;212.57;14.86;226.70;7.47;239.64;--;--;--;--;--;--;--;--;
2019-02-18;--;--;--;--;--;--;--;--;--;--;--;--;--;--;--;--;--;--;--;--;0.38;109.72;8.71;121.87;15.96;134.95;21.66;149.27;25.28;164.80;26.43;181.09;24.97;197.32;21.07;212.72;15.16;226.89;7.76;239.85;-0.66;251.93;--;--;--;--;--;--;
2019-02-19;--;--;--;--;--;--;--;--;--;--;--;--;--;--;--;--;--;--;--;--;0.68;109.53;9.02;121.69;16.29;134.81;22.00;149.17;25.63;164.76;26.79;181.11;25.31;197.42;21.39;212.87;15.47;227.08;8.04;240.06;-0.39;252.16;--;--;--;--;--;--;
2019-02-20;--;--;--;--;--;--;--;--;--;--;--;--;--;--;--;--;--;--;--;--;0.98;109.34;9.33;121.52;16.62;134.66;22.34;149.07;25.99;164.72;27.15;181.15;25.66;197.52;21.72;213.03;15.77;227.27;8.33;240.28;-0.12;252.39;--;--;--;--;--;--;
2019-02-21;--;--;--;--;--;--;--;--;--;--;--;--;--;--;--;--;--;--;--;--;1.28;109.14;9.65;121.35;16.95;134.52;22.69;148.97;26.35;164.68;27.51;181.18;26.01;197.62;22.05;213.19;16.08;227.47;8.62;240.51;0.15;252.63;--;--;--;--;--;--;
2019-02-22;--;--;--;--;--;--;--;--;--;--;--;--;--;--;--;--;--;--;--;--;1.59;108.95;9.97;121.18;17.29;134.38;23.05;148.87;26.71;164.65;27.87;181.22;26.36;197.73;22.38;213.36;16.39;227.67;8.91;240.73;0.43;252.87;--;--;--;--;--;--;
2019-02-23;--;--;--;--;--;--;--;--;--;--;--;--;--;--;--;--;--;--;--;--;1.91;108.76;10.30;121.00;17.63;134.24;23.40;148.78;27.08;164.62;28.23;181.26;26.71;197.85;22.71;213.53;16.70;227.88;9.19;240.96;0.70;253.12;--;--;--;--;--;--;
2019-02-24;--;--;--;--;--;--;--;--;--;--;--;--;--;--;--;--;--;--;--;--;2.22;108.57;10.63;120.83;17.98;134.10;23.76;148.68;27.45;164.59;28.60;181.31;27.07;197.97;23.05;213.70;17.01;228.09;9.48;241.20;0.98;253.37;--;--;--;--;--;--;
2019-02-25;--;--;--;--;--;--;--;--;--;--;--;--;--;--;--;--;--;--;--;--;2.54;108.38;10.96;120.66;18.32;133.96;24.12;148.59;27.82;164.56;28.97;181.36;27.42;198.09;23.38;213.88;17.32;228.31;9.77;241.44;1.25;253.62;--;--;--;--;--;--;
2019-02-26;--;--;--;--;--;--;--;--;--;--;--;--;--;--;--;--;--;--;--;--;2.87;108.19;11.29;120.49;18.67;133.82;24.49;148.50;28.19;164.53;29.34;181.41;27.78;198.21;23.72;214.06;17.63;228.53;10.06;241.68;1.52;253.88;--;--;--;--;--;--;
2019-02-27;--;--;--;--;--;--;--;--;--;--;--;--;--;--;--;--;--;--;--;--;3.19;108.00;11.63;120.32;19.03;133.68;24.86;148.41;28.57;164.51;29.72;181.47;28.14;198.34;24.05;214.25;17.94;228.75;10.35;241.92;1.80;254.14;--;--;--;--;--;--;
2019-02-28;--;--;--;--;--;--;--;--;--;--;--;--;--;--;--;--;--;--;--;--;3.52;107.81;11.97;120.15;19.38;133.54;25.23;148.32;28.95;164.49;30.09;181.52;28.50;198.48;24.39;214.44;18.25;228.98;10.64;242.17;2.07;254.40;--;--;--;--;--;--;
2019-03-01;--;--;--;--;--;--;--;--;--;--;--;--;--;--;--;--;--;--;--;--;3.85;107.63;12.32;119.98;19.74;133.40;25.60;148.23;29.33;164.47;30.47;181.59;28.86;198.62;24.73;214.64;18.57;229.21;10.93;242.43;2.35;254.66;--;--;--;--;--;--;
2019-03-02;--;--;--;--;--;--;--;--;--;--;--;--;--;--;--;--;--;--;--;--;4.19;107.44;12.67;119.82;20.10;133.26;25.98;148.14;29.72;164.45;30.85;181.65;29.23;198.76;25.07;214.84;18.88;229.45;11.23;242.68;2.63;254.93;--;--;--;--;--;--;
2019-03-03;--;--;--;--;--;--;--;--;--;--;--;--;--;--;--;--;--;--;--;--;4.53;107.25;13.01;119.65;20.47;133.13;26.36;148.05;30.10;164.43;31.23;181.72;29.59;198.90;25.41;215.04;19.19;229.69;11.52;242.94;2.90;255.20;--;--;--;--;--;--;
2019-03-04;--;--;--;--;--;--;--;--;--;--;--;--;--;--;--;--;--;--;--;--;4.87;107.07;13.37;119.48;20.83;132.99;26.74;147.97;30.49;164.42;31.62;181.79;29.96;199.05;25.75;215.25;19.51;229.93;11.81;243.20;3.18;255.48;--;--;--;--;--;--;
2019-03-05;--;--;--;--;--;--;--;--;--;--;--;--;--;--;--;--;--;--;--;--;5.21;106.88;13.72;119.31;21.20;132.86;27.12;147.88;30.88;164.41;32.00;181.86;30.32;199.20;26.09;215.46;19.82;230.18;12.10;243.47;3.45;255.75;--;--;--;--;--;--;
2019-03-06;--;--;--;--;--;--;--;--;--;--;--;--;--;--;--;--;--;--;--;--;5.55;106.70;14.08;119.15;21.57;132.72;27.50;147.80;31.27;164.40;32.39;181.94;30.69;199.36;26.43;215.67;20.13;230.43;12.39;243.74;3.73;256.03;--;--;--;--;--;--;
2019-03-07;--;--;--;--;--;--;--;--;--;--;--;--;--;--;--;--;--;--;--;--;5.90;106.51;14.43;118.98;21.95;132.59;27.89;147.72;31.66;164.39;32.77;182.02;31.06;199.52;26.77;215.89;20.44;230.68;12.68;244.01;4.00;256.31;--;--;--;--;--;--;
2019-03-08;--;--;--;--;--;--;--;--;--;--;--;--;--;--;--;--;--;--;--;--;6.25;106.33;14.79;118.81;22.32;132.45;28.27;147.63;32.06;164.38;33.16;182.10;31.43;199.68;27.11;216.11;20.76;230.93;12.97;244.28;4.28;256.60;--;--;--;--;--;--;
2019-03-09;--;--;--;--;--;--;--;--;--;--;--;--;--;--;--;--;--;--;--;--;6.60;106.14;15.15;118.65;22.69;132.32;28.66;147.55;32.45;164.38;33.55;182.18;31.80;199.85;27.45;216.34;21.07;231.19;13.26;244.56;4.55;256.88;--;--;--;--;--;--;
2019-03-10;--;--;--;--;--;--;--;--;--;--;--;--;--;--;--;--;--;--;--;--;6.95;105.96;15.52;118.48;23.07;132.18;29.05;147.47;32.85;164.37;33.94;182.27;32.17;200.02;27.79;216.57;21.38;231.46;13.55;244.84;4.83;257.17;--;--;--;--;--;--;
2019-03-11;--;--;--;--;--;--;--;--;--;--;--;--;--;--;--;--;--;--;--;--;7.31;105.78;15.88;118.32;23.45;132.05;29.45;147.39;33.25;164.37;34.33;182.36;32.54;200.20;28.13;216.80;21.69;231.72;13.84;245.12;5.10;257.46;--;--;--;--;--;--;
2019-03-12;--;--;--;--;--;--;--;--;--;--;--;--;--;--;--;--;--;--;--;--;7.66;105.60;16.25;118.15;23.83;131.92;29.84;147.31;33.64;164.37;34.72;182.45;32.91;200.37;28.48;217.03;22.01;231.99;14.12;245.40;5.37;257.75;--;--;--;--;--;--;
2019-03-13;--;--;--;--;--;--;--;--;--;--;--;--;--;--;--;--;--;--;--;--;8.02;105.41;16.61;117.99;24.21;131.78;30.23;147.23;34.04;164.37;35.12;182.55;33.28;200.55;28.82;217.27;22.32;232.26;14.41;245.69;5.65;258.05;--;--;--;--;--;--;
2019-03-14;--;--;--;--;--;--;--;--;--;--;--;--;--;--;--;--;--;--;-0.75;93.31;8.37;105.23;16.98;117.82;24.59;131.65;30.63;147.16;34.44;164.37;35.51;182.65;33.65;200.73;29.16;217.51;22.63;232.53;14.70;245.98;5.92;258.34;--;--;--;--;--;--;
2019-03-15;--;--;--;--;--;--;--;--;--;--;--;--;--;--;--;--;--;--;-0.40;93.12;8.73;105.05;17.35;117.66;24.97;131.52;31.02;147.08;34.84;164.38;35.90;182.75;34.02;200.92;29.50;217.76;22.94;232.81;14.99;246.27;6.19;258.64;--;--;--;--;--;--;
2019-03-16;--;--;--;--;--;--;--;--;--;--;--;--;--;--;--;--;--;--;-0.05;92.93;9.09;104.87;17.72;117.49;25.36;131.39;31.42;147.00;35.25;164.38;36.29;182.85;34.39;201.11;29.83;218.01;23.25;233.09;15.27;246.56;6.46;258.93;--;--;--;--;--;--;
2019-03-17;--;--;--;--;--;--;--;--;--;--;--;--;--;--;--;--;--;--;0.31;92.74;9.45;104.69;18.09;117.33;25.74;131.25;31.81;146.92;35.65;164.39;36.69;182.95;34.76;201.30;30.17;218.26;23.56;233.37;15.56;246.85;6.74;259.23;--;--;--;--;--;--;
2019-03-18;--;--;--;--;--;--;--;--;--;--;--;--;--;--;--;--;--;--;0.66;92.55;9.81;104.51;18.46;117.16;26.12;131.12;32.21;146.85;36.05;164.39;37.08;183.06;35.12;201.50;30.51;218.51;23.86;233.65;15.84;247.15;7.01;259.53;--;--;--;--;--;--;
2019-03-19;--;--;--;--;--;--;--;--;--;--;--;--;--;--;--;--;--;--;1.02;92.37;10.17;104.33;18.83;117.00;26.51;130.99;32.61;146.77;36.45;164.40;37.47;183.17;35.49;201.69;30.85;218.76;24.17;233.94;16.13;247.44;7.28;259.83;--;--;--;--;--;--;
2019-03-20;--;--;--;--;--;--;--;--;--;--;--;--;--;--;--;--;--;--;1.38;92.18;10.53;104.15;19.20;116.83;26.89;130.85;33.00;146.69;36.85;164.41;37.86;183.28;35.86;201.89;31.18;219.02;24.48;234.22;16.41;247.74;7.55;260.13;--;--;--;--;--;--;
2019-03-21;--;--;--;--;--;--;--;--;--;--;--;--;--;--;--;--;--;--;1.73;92.00;10.89;103.97;19.57;116.67;27.27;130.72;33.40;146.62;37.26;164.42;38.26;183.39;36.23;202.09;31.52;219.28;24.78;234.51;16.69;248.04;7.81;260.43;--;--;--;--;--;--;
2019-03-22;--;--;--;--;--;--;--;--;--;--;--;--;--;--;--;--;--;--;2.09;91.81;11.25;103.78;19.94;116.50;27.66;130.58;33.80;146.54;37.66;164.43;38.65;183.50;36.60;202.30;31.85;219.54;25.08;234.80;16.97;248.34;8.08;260.74;--;--;--;--;--;--;
2019-03-23;--;--;--;--;--;--;--;--;--;--;--;--;--;--;--;--;--;--;2.45;91.63;11.62;103.60;20.31;116.34;28.04;130.45;34.19;146.46;38.06;164.44;39.04;183.62;36.96;202.50;32.19;219.81;25.39;235.09;17.25;248.64;8.35;261.04;--;--;--;--;--;--;
2019-03-24;--;--;--;--;--;--;--;--;--;--;--;--;--;--;--;--;--;--;2.80;91.44;11.98;103.42;20.68;116.17;28.43;130.32;34.59;146.38;38.46;164.45;39.43;183.73;37.33;202.71;32.52;220.07;25.69;235.39;17.53;248.94;8.62;261.34;-0.60;273.22;--;--;--;--;
2019-03-25;--;--;--;--;--;--;--;--;--;--;--;--;--;--;--;--;--;--;3.16;91.26;12.34;103.24;21.05;116.00;28.81;130.18;34.98;146.31;38.86;164.46;39.82;183.85;37.69;202.92;32.85;220.34;25.99;235.68;17.81;249.25;8.88;261.65;-0.33;273.52;--;--;--;--;
2019-03-26;--;--;--;--;--;--;--;--;--;--;--;--;--;--;--;--;--;--;3.52;91.08;12.69;103.06;21.42;115.84;29.19;130.04;35.38;146.23;39.26;164.48;40.21;183.97;38.05;203.14;33.18;220.61;26.29;235.98;18.09;249.55;9.15;261.95;-0.07;273.82;--;--;--;--;
2019-03-27;--;--;--;--;--;--;--;--;--;--;--;--;--;--;--;--;--;--;3.87;90.89;13.05;102.88;21.79;115.67;29.57;129.91;35.77;146.15;39.66;164.49;40.60;184.09;38.41;203.35;33.51;220.88;26.59;236.27;18.36;249.85;9.41;262.25;0.19;274.12;--;--;--;--;
2019-03-28;--;--;--;--;--;--;--;--;--;--;--;--;--;--;--;--;--;--;4.23;90.71;13.41;102.70;22.15;115.50;29.95;129.77;36.17;146.07;40.06;164.50;40.99;184.22;38.78;203.57;33.83;221.16;26.88;236.57;18.64;250.16;9.67;262.55;0.45;274.42;--;--;--;--;
2019-03-29;--;--;--;--;--;--;--;--;--;--;--;--;--;--;--;--;--;--;4.58;90.53;13.77;102.52;22.52;115.33;30.33;129.63;36.56;145.99;40.45;164.51;41.37;184.34;39.13;203.79;34.16;221.43;27.18;236.87;18.91;250.46;9.94;262.86;0.72;274.72;--;--;--;--;
2019-03-30;--;--;--;--;--;--;--;--;--;--;--;--;--;--;--;--;--;--;4.93;90.35;14.12;102.34;22.88;115.17;30.71;129.49;36.95;145.91;40.85;164.53;41.76;184.46;39.49;204.01;34.48;221.71;27.47;237.17;19.18;250.77;10.20;263.16;0.98;275.02;--;--;--;--;
2019-03-31;--;--;--;--;--;--;--;--;--;--;--;--;--;--;--;--;--;--;5.28;90.16;14.48;102.16;23.25;115.00;31.09;129.35;37.34;145.83;41.25;164.54;42.14;184.59;39.85;204.23;34.81;221.99;27.76;237.47;19.45;251.07;10.46;263.46;1.24;275.32;--;--;--;--;
2019-04-01;--;--;--;--;--;--;--;--;--;--;--;--;--;--;--;--;--;--;5.63;89.98;14.83;101.98;23.61;114.83;31.46;129.21;37.73;145.75;41.64;164.55;42.52;184.72;40.20;204.45;35.13;222.26;28.05;237.77;19.72;251.37;10.72;263.76;1.49;275.61;--;--;--;--;
2019-04-02;--;--;--;--;--;--;--;--;--;--;--;--;--;--;--;--;--;--;5.98;89.80;15.18;101.80;23.97;114.66;31.83;129.07;38.12;145.67;42.03;164.57;42.90;184.84;40.56;204.67;35.45;222.54;28.34;238.07;19.99;251.68;10.97;264.06;1.75;275.91;--;--;--;--;
2019-04-03;--;--;--;--;--;--;--;--;--;--;--;--;--;--;--;--;--;--;6.33;89.62;15.53;101.62;24.33;114.49;32.21;128.93;38.50;145.58;42.42;164.58;43.28;184.97;40.91;204.90;35.76;222.82;28.63;238.37;20.26;251.98;11.23;264.36;2.01;276.20;--;--;--;--;
2019-04-04;--;--;--;--;--;--;--;--;--;--;--;--;--;--;--;--;--;--;6.68;89.44;15.88;101.44;24.69;114.32;32.58;128.79;38.88;145.50;42.81;164.59;43.66;185.10;41.26;205.12;36.08;223.10;28.92;238.67;20.52;252.28;11.49;264.66;2.27;276.50;--;--;--;--;
2019-04-05;--;--;--;--;--;--;--;--;--;--;--;--;--;--;--;--;--;--;7.02;89.26;16.23;101.26;25.04;114.15;32.94;128.64;39.27;145.41;43.20;164.60;44.04;185.23;41.61;205.35;36.39;223.38;29.20;238.97;20.79;252.59;11.74;264.96;2.52;276.79;--;--;--;--;
2019-04-06;--;--;--;--;--;--;--;--;--;--;--;--;--;--;--;--;--;--;7.36;89.08;16.57;101.08;25.39;113.97;33.31;128.50;39.65;145.33;43.58;164.61;44.41;185.36;41.95;205.58;36.70;223.66;29.48;239.27;21.05;252.89;12.00;265.25;2.78;277.08;--;--;--;--;
2019-04-07;--;--;--;--;--;--;--;--;--;--;--;--;--;--;--;--;--;--;7.70;88.90;16.91;100.90;25.74;113.80;33.67;128.35;40.02;145.24;43.97;164.62;44.78;185.49;42.30;205.81;37.01;223.95;29.77;239.57;21.31;253.19;12.25;265.55;3.03;277.36;--;--;--;--;
2019-04-08;--;--;--;--;--;--;--;--;--;--;--;--;--;--;--;--;--;--;8.04;88.72;17.25;100.71;26.09;113.63;34.04;128.20;40.40;145.15;44.35;164.63;45.15;185.62;42.64;206.03;37.32;224.23;30.04;239.87;21.57;253.49;12.50;265.84;3.28;277.65;--;--;--;--;
2019-04-09;--;--;--;--;--;--;--;--;--;--;--;--;--;--;--;--;-0.80;76.79;8.37;88.54;17.59;100.53;26.44;113.45;34.39;128.06;40.77;145.06;44.73;164.64;45.52;185.75;42.98;206.26;37.63;224.51;30.32;240.17;21.83;253.78;12.75;266.13;3.53;277.93;--;--;--;--;
2019-04-10;--;--;--;--;--;--;--;--;--;--;--;--;--;--;--;--;-0.46;76.62;8.71;88.35;17.93;100.35;26.78;113.28;34.75;127.91;41.14;144.97;45.11;164.65;45.89;185.88;43.32;206.49;37.93;224.79;30.60;240.46;22.09;254.08;13.00;266.42;3.78;278.21;--;--;--;--;
2019-04-11;--;--;--;--;--;--;--;--;--;--;--;--;--;--;--;--;-0.13;76.44;9.04;88.17;18.26;100.16;27.12;113.10;35.10;127.75;41.51;144.87;45.48;164.65;46.25;186.01;43.65;206.72;38.24;225.07;30.87;240.76;22.34;254.38;13.25;266.71;4.03;278.49;--;--;--;--;
2019-04-12;--;--;--;--;--;--;--;--;--;--;--;--;--;--;--;--;0.20;76.27;9.36;87.99;18.59;99.98;27.46;112.92;35.46;127.60;41.88;144.78;45.85;164.66;46.61;186.13;43.99;206.95;38.54;225.35;31.14;241.06;22.60;254.67;13.49;267.00;4.28;278.77;--;--;--;--;
2019-04-13;--;--;--;--;--;--;--;--;--;--;--;--;--;--;--;--;0.53;76.10;9.69;87.81;18.91;99.80;27.79;112.74;35.80;127.45;42.24;144.68;46.22;164.66;46.97;186.26;44.32;207.18;38.83;225.63;31.41;241.35;22.85;254.96;13.74;267.28;4.53;279.04;--;--;--;--;
2019-04-14;--;--;--;--;--;--;--;--;--;--;--;--;--;--;--;--;0.86;75.93;10.01;87.63;19.24;99.61;28.13;112.57;36.15;127.29;42.60;144.58;46.59;164.66;47.33;186.39;44.64;207.41;39.13;225.91;31.68;241.64;23.10;255.25;13.98;267.56;4.77;279.32;--;--;--;--;
2019-04-15;--;--;--;--;--;--;--;--;--;--;--;--;--;--;--;--;1.18;75.76;10.33;87.45;19.56;99.43;28.45;112.39;36.49;127.14;42.95;144.48;46.95;164.66;47.68;186.52;44.97;207.63;39.42;226.19;31.95;241.94;23.35;255.54;14.22;267.84;5.02;279.59;--;--;--;--;
2019-04-16;--;--;--;--;--;--;--;--;--;--;--;--;--;--;--;--;1.50;75.59;10.64;87.27;19.88;99.25;28.78;112.21;36.83;126.98;43.31;144.38;47.31;164.66;48.03;186.64;45.29;207.86;39.71;226.47;32.21;242.23;23.60;255.83;14.46;268.12;5.26;279.85;--;--;--;--;
2019-04-17;--;--;--;--;--;--;--;--;--;--;--;--;--;--;--;--;1.82;75.43;10.96;87.10;20.19;99.06;29.10;112.02;37.16;126.82;43.66;144.27;47.67;164.66;48.38;186.77;45.61;208.09;40.00;226.74;32.47;242.51;23.84;256.11;14.70;268.39;5.50;280.12;--;--;--;--;
2019-04-18;--;--;--;--;--;--;--;--;--;--;--;--;--;--;--;--;2.13;75.26;11.27;86.92;20.50;98.88;29.42;111.84;37.49;126.66;44.01;144.17;48.03;164.65;48.73;186.89;45.93;208.31;40.29;227.02;32.73;242.80;24.09;256.39;14.94;268.66;5.75;280.38;--;--;--;--;
2019-04-19;--;--;--;--;--;--;--;--;--;--;--;--;--;--;--;--;2.44;75.09;11.57;86.74;20.81;98.69;29.73;111.66;37.82;126.50;44.35;144.06;48.38;164.65;49.07;187.01;46.25;208.54;40.57;227.29;32.99;243.09;24.33;256.67;15.18;268.93;5.98;280.63;--;--;--;--;
2019-04-20;--;--;--;--;--;--;--;--;--;--;--;--;--;--;--;--;2.75;74.92;11.87;86.56;21.11;98.50;30.04;111.48;38.15;126.33;44.69;143.95;48.73;164.64;49.41;187.13;46.56;208.76;40.85;227.56;33.25;243.37;24.57;256.95;15.41;269.20;6.22;280.89;--;--;--;--;
2019-04-21;--;--;--;--;--;--;--;--;--;--;--;--;--;--;--;--;3.05;74.75;12.17;86.38;21.41;98.32;30.35;111.29;38.47;126.17;45.02;143.84;49.07;164.63;49.74;187.25;46.87;208.98;41.13;227.83;33.50;243.65;24.81;257.22;15.64;269.46;6.46;281.14;--;--;--;--;
2019-04-22;--;--;--;--;--;--;--;--;--;--;--;--;--;--;--;--;3.35;74.59;12.46;86.20;21.70;98.13;30.65;111.11;38.78;126.00;45.36;143.72;49.41;164.61;50.08;187.37;47.18;209.20;41.40;228.10;33.75;243.92;25.04;257.49;15.88;269.72;6.69;281.39;--;--;--;--;
2019-04-23;--;--;--;--;--;--;--;--;--;--;--;--;--;--;--;--;3.64;74.42;12.76;86.02;22.00;97.95;30.95;110.92;39.09;125.83;45.68;143.60;49.75;164.60;50.41;187.49;47.48;209.42;41.68;228.36;34.00;244.20;25.28;257.76;16.10;269.98;6.93;281.63;--;--;--;--;
2019-04-24;--;--;--;--;--;--;--;--;--;--;--;--;--;--;--;--;3.93;74.25;13.04;85.84;22.28;97.76;31.25;110.74;39.40;125.66;46.01;143.49;50.09;164.58;50.73;187.60;47.78;209.63;41.95;228.63;34.24;244.47;25.51;258.03;16.33;270.23;7.16;281.87;--;--;--;--;
2019-04-25;--;--;--;--;--;--;--;--;--;--;--;--;--;--;--;--;4.22;74.09;13.32;85.66;22.57;97.57;31.54;110.55;39.71;125.49;46.33;143.36;50.42;164.56;51.06;187.71;48.08;209.85;42.21;228.89;34.49;244.74;25.74;258.29;16.56;270.48;7.39;282.11;--;--;--;--;
2019-04-26;--;--;--;--;--;--;--;--;--;--;--;--;--;--;--;--;4.51;73.92;13.60;85.48;22.84;97.39;31.82;110.36;40.00;125.32;46.64;143.24;50.74;164.54;51.38;187.82;48.37;210.06;42.48;229.14;34.73;245.01;25.97;258.55;16.78;270.73;7.62;282.35;--;--;--;--;
2019-04-27;--;--;--;--;--;--;--;--;--;--;--;--;--;--;--;--;4.78;73.76;13.88;85.31;23.12;97.20;32.10;110.17;40.30;125.14;46.96;143.12;51.06;164.51;51.69;187.93;48.66;210.27;42.74;229.40;34.97;245.27;26.19;258.80;17.01;270.97;7.85;282.58;--;--;--;--;
2019-04-28;--;--;--;--;--;--;--;--;--;--;--;--;--;--;--;--;5.06;73.59;14.15;85.13;23.39;97.02;32.38;109.98;40.59;124.97;47.26;142.99;51.38;164.49;52.00;188.03;48.95;210.48;43.00;229.65;35.21;245.53;26.42;259.05;17.23;271.21;8.07;282.80;-0.67;294.45;--;--;
2019-04-29;--;--;--;--;--;--;--;--;--;--;--;--;--;--;--;--;5.33;73.43;14.41;84.95;23.65;96.83;32.65;109.80;40.87;124.79;47.56;142.86;51.70;164.46;52.31;188.13;49.24;210.68;43.26;229.90;35.44;245.79;26.64;259.30;17.45;271.45;8.29;283.02;-0.44;294.66;--;--;
2019-04-30;--;--;--;--;--;--;--;--;--;--;--;--;--;--;--;--;5.59;73.26;14.67;84.78;23.91;96.64;32.92;109.61;41.15;124.61;47.86;142.73;52.01;164.42;52.62;188.23;49.52;210.88;43.51;230.15;35.67;246.04;26.86;259.54;17.66;271.68;8.52;283.24;-0.20;294.87;--;--;
2019-05-01;--;--;--;--;--;--;--;--;--;--;--;--;--;--;--;--;5.86;73.10;14.93;84.60;24.17;96.46;33.18;109.42;41.43;124.44;48.16;142.59;52.31;164.39;52.92;188.33;49.80;211.08;43.76;230.39;35.90;246.29;27.08;259.78;17.88;271.91;8.74;283.46;0.03;295.07;--;--;
2019-05-02;--;--;--;--;--;--;--;--;--;--;--;--;--;--;--;--;6.11;72.94;15.18;84.42;24.42;96.27;33.44;109.23;41.70;124.26;48.44;142.46;52.61;164.35;53.21;188.42;50.07;211.28;44.01;230.63;36.13;246.53;27.29;260.02;18.09;272.13;8.95;283.67;0.25;295.26;--;--;
2019-05-03;--;--;--;--;--;--;--;--;--;--;--;--;--;--;--;--;6.36;72.78;15.42;84.25;24.67;96.09;33.69;109.04;41.97;124.07;48.73;142.32;52.91;164.30;53.51;188.51;50.34;211.47;44.25;230.86;36.35;246.77;27.51;260.25;18.30;272.35;9.17;283.87;0.48;295.45;--;--;
2019-05-04;--;--;--;--;--;--;--;--;--;--;--;--;--;--;--;--;6.61;72.62;15.66;84.07;24.91;95.90;33.94;108.85;42.23;123.89;49.00;142.18;53.20;164.26;53.79;188.60;50.61;211.66;44.49;231.10;36.57;247.01;27.72;260.48;18.51;272.56;9.38;284.07;0.70;295.64;--;--;
2019-05-05;--;--;--;--;--;--;--;--;--;--;--;--;--;--;--;--;6.85;72.45;15.90;83.90;25.14;95.72;34.18;108.65;42.48;123.71;49.28;142.03;53.49;164.21;54.08;188.68;50.87;211.84;44.73;231.32;36.79;247.24;27.93;260.70;18.72;272.78;9.59;284.27;0.93;295.82;--;--;
2019-05-06;--;--;--;--;--;--;--;--;--;--;--;--;--;--;--;--;7.09;72.30;16.13;83.73;25.37;95.53;34.42;108.46;42.73;123.53;49.55;141.89;53.77;164.16;54.36;188.76;51.13;212.02;44.97;231.55;37.01;247.47;28.13;260.92;18.92;272.98;9.80;284.46;1.14;296.00;--;--;
2019-05-07;--;--;--;--;--;--;--;--;--;--;--;--;--;--;--;--;7.32;72.14;16.36;83.56;25.60;95.35;34.65;108.27;42.98;123.34;49.81;141.74;54.05;164.10;54.63;188.84;51.39;212.20;45.20;231.77;37.22;247.70;28.34;261.14;19.12;273.18;10.01;284.65;1.36;296.17;--;--;
2019-05-08;--;--;--;--;--;--;--;--;--;--;--;--;--;--;--;--;7.55;71.98;16.58;83.38;25.82;95.17;34.87;108.08;43.22;123.16;50.07;141.59;54.32;164.04;54.90;188.91;51.64;212.37;45.43;231.98;37.43;247.91;28.54;261.35;19.32;273.38;10.21;284.84;1.58;296.34;--;--;
2019-05-09;--;--;--;--;--;--;--;--;--;--;--;--;--;--;-0.68;60.23;7.77;71.82;16.79;83.21;26.03;94.98;35.09;107.89;43.45;122.97;50.32;141.44;54.59;163.98;55.17;188.98;51.88;212.54;45.65;232.19;37.64;248.13;28.74;261.55;19.52;273.57;10.41;285.02;1.79;296.51;--;--;
2019-05-10;--;--;--;--;--;--;--;--;--;--;--;--;--;--;-0.45;60.09;7.98;71.67;17.00;83.04;26.24;94.80;35.31;107.70;43.68;122.78;50.56;141.29;54.85;163.92;55.43;189.04;52.13;212.71;45.87;232.40;37.85;248.34;28.93;261.76;19.71;273.76;10.61;285.19;2.00;296.67;--;--;
2019-05-11;--;--;--;--;--;--;--;--;--;--;--;--;--;--;-0.23;59.95;8.20;71.51;17.21;82.88;26.45;94.62;35.52;107.51;43.90;122.60;50.80;141.13;55.11;163.85;55.69;189.10;52.37;212.87;46.09;232.60;38.05;248.54;29.13;261.95;19.91;273.94;10.81;285.36;2.20;296.82;--;--;
2019-05-12;--;--;--;--;--;--;--;--;--;--;--;--;--;--;-0.02;59.81;8.40;71.36;17.41;82.71;26.65;94.44;35.72;107.33;44.12;122.41;51.04;140.97;55.36;163.78;55.94;189.16;52.60;213.02;46.31;232.79;38.25;248.74;29.32;262.14;20.10;274.12;11.01;285.52;2.41;296.97;--;--;
2019-05-13;--;--;--;--;--;--;--;--;--;--;--;--;--;--;0.19;59.67;8.60;71.20;17.60;82.54;26.84;94.26;35.92;107.14;44.33;122.22;51.27;140.82;55.60;163.70;56.19;189.21;52.84;213.17;46.52;232.98;38.44;248.94;29.50;262.33;20.28;274.30;11.20;285.68;2.61;297.12;--;--;
2019-05-14;--;--;--;--;--;--;--;--;--;--;--;--;--;--;0.40;59.53;8.80;71.05;17.79;82.38;27.03;94.09;36.11;106.95;44.53;122.03;51.49;140.66;55.84;163.63;56.43;189.26;53.06;213.32;46.72;233.17;38.64;249.13;29.69;262.51;20.47;274.46;11.39;285.84;2.80;297.26;--;--;
2019-05-15;--;--;--;--;--;--;--;--;--;--;--;--;--;--;0.60;59.40;8.98;70.90;17.97;82.21;27.21;93.91;36.30;106.77;44.73;121.85;51.71;140.50;56.08;163.55;56.67;189.30;53.29;213.46;46.93;233.35;38.83;249.31;29.87;262.68;20.65;274.63;11.57;285.99;3.00;297.39;--;--;
2019-05-16;--;--;--;--;--;--;--;--;--;--;--;--;--;--;0.79;59.27;9.17;70.75;18.15;82.05;27.39;93.74;36.48;106.58;44.92;121.66;51.92;140.33;56.31;163.46;56.90;189.34;53.51;213.59;47.13;233.52;39.01;249.49;30.05;262.85;20.83;274.79;11.76;286.14;3.19;297.52;--;--;
2019-05-17;--;--;--;--;--;--;--;--;--;--;--;--;--;--;0.98;59.13;9.35;70.61;18.32;81.89;27.56;93.56;36.66;106.40;45.11;121.47;52.12;140.17;56.53;163.38;57.13;189.37;53.72;213.72;47.33;233.69;39.20;249.66;30.23;263.02;21.00;274.94;11.94;286.28;3.38;297.65;--;--;
2019-05-18;--;--;--;--;--;--;--;--;--;--;--;--;--;--;1.16;59.00;9.52;70.46;18.49;81.73;27.72;93.39;36.83;106.21;45.29;121.29;52.32;140.01;56.75;163.29;57.35;189.40;53.93;213.85;47.52;233.85;39.38;249.83;30.40;263.18;21.18;275.09;12.11;286.41;3.56;297.77;--;--;
2019-05-19;--;--;--;--;--;--;--;--;--;--;--;--;--;--;1.33;58.87;9.68;70.32;18.65;81.58;27.88;93.22;36.99;106.03;45.47;121.10;52.52;139.84;56.96;163.19;57.57;189.43;54.14;213.97;47.71;234.01;39.55;249.99;30.57;263.33;21.35;275.23;12.29;286.54;3.74;297.89;--;--;
2019-05-20;--;--;--;--;--;--;--;--;--;--;--;--;--;--;1.50;58.74;9.84;70.17;18.80;81.42;28.03;93.06;37.15;105.85;45.63;120.92;52.70;139.68;57.16;163.10;57.78;189.45;54.34;214.08;47.89;234.16;39.73;250.15;30.74;263.48;21.52;275.37;12.46;286.67;3.92;298.00;--;--;
2019-05-21;--;--;--;--;--;--;--;--;--;--;--;--;--;--;1.67;58.61;10.00;70.03;18.95;81.27;28.18;92.89;37.30;105.68;45.80;120.74;52.88;139.51;57.36;163.00;57.98;189.46;54.53;214.18;48.07;234.31;39.90;250.30;30.91;263.62;21.68;275.50;12.63;286.79;4.10;298.11;--;--;
2019-05-22;--;--;--;--;--;--;--;--;--;--;--;--;--;--;1.83;58.49;10.15;69.89;19.09;81.12;28.32;92.73;37.44;105.50;45.95;120.55;53.06;139.34;57.56;162.90;58.19;189.47;54.72;214.29;48.25;234.45;40.06;250.44;31.07;263.76;21.84;275.62;12.79;286.90;4.27;298.21;--;--;
2019-05-23;--;--;--;--;--;--;--;--;--;--;--;--;--;--;1.98;58.36;10.29;69.76;19.23;80.97;28.46;92.56;37.58;105.33;46.10;120.37;53.23;139.18;57.74;162.79;58.38;189.48;54.91;214.38;48.43;234.58;40.23;250.58;31.23;263.89;22.00;275.75;12.95;287.01;4.44;298.30;--;--;
2019-05-24;--;--;--;--;--;--;--;--;--;--;--;--;--;--;2.12;58.24;10.43;69.62;19.36;80.82;28.58;92.41;37.72;105.16;46.25;120.19;53.39;139.01;57.92;162.68;58.57;189.48;55.09;214.47;48.59;234.70;40.39;250.71;31.38;264.02;22.16;275.86;13.11;287.11;4.60;298.39;--;--;
2019-05-25;--;--;--;--;--;--;--;--;--;--;--;--;--;--;2.27;58.12;10.56;69.49;19.49;80.68;28.71;92.25;37.84;104.99;46.39;120.02;53.54;138.84;58.10;162.58;58.75;189.47;55.27;214.55;48.76;234.82;40.54;250.84;31.53;264.14;22.31;275.97;13.27;287.21;4.76;298.48;--;--;
2019-05-26;--;--;--;--;--;--;--;--;--;--;--;--;--;--;2.40;58.00;10.68;69.36;19.61;80.53;28.83;92.09;37.96;104.82;46.52;119.84;53.69;138.68;58.27;162.46;58.93;189.46;55.44;214.63;48.92;234.94;40.70;250.96;31.68;264.25;22.45;276.07;13.42;287.31;4.92;298.56;--;--;
2019-05-27;--;--;--;--;--;--;--;--;--;--;--;--;--;--;2.53;57.88;10.80;69.23;19.72;80.39;28.94;91.94;38.08;104.66;46.64;119.67;53.83;138.51;58.43;162.35;59.10;189.45;55.61;214.70;49.08;235.04;40.84;251.07;31.83;264.36;22.60;276.17;13.57;287.39;5.07;298.64;--;--;
2019-05-28;--;--;--;--;--;--;--;--;--;--;--;--;--;--;2.65;57.76;10.92;69.10;19.83;80.26;29.04;91.79;38.19;104.49;46.76;119.49;53.97;138.34;58.58;162.24;59.27;189.43;55.77;214.76;49.23;235.14;40.99;251.18;31.97;264.46;22.74;276.27;13.71;287.48;5.22;298.71;--;--;
2019-05-29;--;--;--;--;--;--;--;--;--;--;--;--;--;--;2.77;57.65;11.02;68.98;19.93;80.12;29.14;91.65;38.29;104.34;46.87;119.33;54.10;138.18;58.73;162.12;59.43;189.40;55.93;214.82;49.38;235.24;41.13;251.28;32.11;264.55;22.88;276.35;13.85;287.56;5.36;298.78;--;--;
2019-05-30;--;--;--;--;--;--;--;--;--;--;--;--;--;--;2.88;57.54;11.13;68.86;20.03;79.99;29.24;91.51;38.39;104.18;46.98;119.16;54.22;138.02;58.87;162.00;59.58;189.37;56.08;214.87;49.52;235.32;41.27;251.37;32.24;264.64;23.01;276.44;13.99;287.63;5.50;298.84;--;--;
2019-05-31;--;--;--;--;--;--;--;--;--;--;--;--;--;--;2.98;57.43;11.22;68.74;20.11;79.86;29.32;91.37;38.48;104.03;47.08;119.00;54.34;137.86;59.01;161.88;59.73;189.34;56.23;214.91;49.66;235.40;41.40;251.46;32.37;264.73;23.14;276.51;14.12;287.69;5.64;298.89;--;--;
2019-06-01;--;--;--;--;--;--;--;--;--;--;--;--;--;--;3.08;57.32;11.31;68.62;20.20;79.74;29.41;91.23;38.56;103.88;47.17;118.84;54.45;137.70;59.14;161.76;59.87;189.30;56.37;214.95;49.80;235.47;41.53;251.54;32.50;264.80;23.27;276.58;14.25;287.76;5.77;298.95;--;--;
2019-06-02;--;--;--;--;--;--;--;--;--;--;--;--;--;--;3.17;57.22;11.39;68.51;20.28;79.62;29.48;91.10;38.64;103.73;47.26;118.68;54.55;137.54;59.26;161.63;60.01;189.26;56.51;214.98;49.93;235.54;41.65;251.61;32.62;264.88;23.39;276.65;14.37;287.81;5.90;298.99;--;--;
2019-06-03;--;--;--;--;--;--;--;--;--;--;--;--;--;--;3.26;57.11;11.47;68.40;20.35;79.50;29.55;90.97;38.72;103.59;47.34;118.52;54.64;137.38;59.38;161.51;60.14;189.21;56.64;215.01;50.05;235.60;41.77;251.68;32.74;264.94;23.51;276.71;14.49;287.86;6.02;299.03;--;--;
2019-06-04;--;--;--;--;--;--;--;--;--;--;--;--;--;--;3.33;57.01;11.54;68.29;20.42;79.38;29.62;90.84;38.78;103.45;47.42;118.37;54.73;137.23;59.49;161.38;60.26;189.16;56.76;215.02;50.17;235.65;41.89;251.74;32.85;265.00;23.62;276.76;14.61;287.91;6.14;299.07;--;--;
2019-06-05;--;--;--;--;--;--;--;--;--;--;--;--;--;--;3.41;56.92;11.61;68.18;20.48;79.27;29.68;90.72;38.84;103.32;47.48;118.23;54.82;137.08;59.59;161.26;60.38;189.10;56.88;215.04;50.29;235.69;42.00;251.79;32.96;265.05;23.73;276.81;14.72;287.95;6.25;299.10;--;--;
2019-06-06;--;--;--;--;--;--;--;--;--;--;--;--;--;--;3.48;56.82;11.67;68.08;20.53;79.16;29.73;90.60;38.90;103.19;47.55;118.08;54.89;136.93;59.68;161.13;60.49;189.04;56.99;215.04;50.40;235.73;42.11;251.84;33.07;265.10;23.84;276.85;14.83;287.99;6.36;299.13;--;--;
2019-06-07;--;--;--;--;--;--;--;--;--;--;--;--;--;--;3.54;56.73;11.72;67.98;20.58;79.05;29.78;90.49;38.95;103.06;47.60;117.94;54.96;136.78;59.77;161.01;60.59;188.98;57.10;215.04;50.51;235.76;42.22;251.88;33.17;265.14;23.94;276.89;14.93;288.02;6.47;299.15;--;--;
2019-06-08;--;--;--;--;--;--;--;--;--;--;--;--;--;--;3.59;56.64;11.77;67.89;20.62;78.95;29.82;90.38;38.99;102.94;47.65;117.81;55.03;136.64;59.85;160.88;60.69;188.91;57.21;215.03;50.61;235.78;42.31;251.91;33.27;265.17;24.04;276.92;15.03;288.04;6.57;299.17;--;--;
2019-06-09;--;--;--;--;--;--;--;--;--;--;--;--;--;--;3.64;56.55;11.81;67.80;20.66;78.86;29.85;90.27;39.03;102.83;47.70;117.68;55.08;136.50;59.93;160.76;60.78;188.84;57.30;215.02;50.70;235.80;42.41;251.94;33.36;265.20;24.13;276.94;15.12;288.06;6.66;299.18;--;--;
2019-06-10;--;--;--;--;--;--;--;--;--;--;--;--;--;--;3.68;56.47;11.85;67.71;20.69;78.76;29.88;90.17;39.06;102.71;47.74;117.56;55.13;136.37;60.00;160.64;60.86;188.76;57.39;214.99;50.80;235.81;42.50;251.96;33.45;265.22;24.22;276.96;15.21;288.08;6.75;299.19;-0.82;310.75;
2019-06-11;--;--;--;--;--;--;--;--;--;--;--;--;--;--;3.72;56.39;11.88;67.63;20.72;78.67;29.91;90.07;39.09;102.61;47.77;117.43;55.18;136.24;60.06;160.51;60.94;188.68;57.48;214.97;50.88;235.81;42.58;251.97;33.53;265.24;24.31;276.98;15.30;288.09;6.84;299.20;-0.73;310.75;
2019-06-12;--;--;--;--;--;--;--;--;--;--;--;--;--;--;3.75;56.31;11.90;67.55;20.74;78.59;29.93;89.98;39.11;102.50;47.79;117.32;55.22;136.11;60.11;160.39;61.01;188.60;57.56;214.93;50.96;235.81;42.66;251.98;33.61;265.25;24.39;276.98;15.38;288.09;6.92;299.20;-0.65;310.74;
2019-06-13;--;--;--;--;--;--;--;--;--;--;--;--;--;--;3.77;56.24;11.92;67.47;20.75;78.51;29.94;89.89;39.12;102.41;47.81;117.21;55.25;135.99;60.16;160.27;61.08;188.51;57.63;214.89;51.04;235.80;42.74;251.98;33.69;265.25;24.46;276.99;15.45;288.09;6.99;299.19;-0.58;310.73;
2019-06-14;--;--;--;--;--;--;--;--;--;--;--;--;--;--;3.79;56.17;11.93;67.39;20.76;78.43;29.95;89.81;39.13;102.31;47.83;117.10;55.27;135.87;60.20;160.15;61.13;188.42;57.70;214.85;51.11;235.78;42.81;251.98;33.76;265.25;24.53;276.99;15.52;288.09;7.06;299.18;-0.51;310.71;
2019-06-15;--;--;--;--;--;--;--;--;--;--;--;--;--;--;3.81;56.10;11.94;67.33;20.77;78.36;29.95;89.73;39.13;102.23;47.84;117.00;55.29;135.75;60.23;160.04;61.18;188.33;57.76;214.79;51.17;235.75;42.88;251.96;33.83;265.24;24.60;276.98;15.59;288.08;7.13;299.17;-0.45;310.69;
2019-06-16;--;--;--;--;--;--;--;--;--;--;--;--;--;--;3.81;56.04;11.94;67.26;20.76;78.29;29.95;89.66;39.13;102.14;47.84;116.91;55.30;135.64;60.26;159.92;61.23;188.24;57.81;214.74;51.23;235.72;42.94;251.95;33.89;265.23;24.66;276.97;15.65;288.06;7.18;299.15;-0.39;310.67;
2019-06-17;--;--;--;--;--;--;--;--;--;--;--;--;--;--;3.81;55.98;11.94;67.20;20.76;78.22;29.94;89.59;39.12;102.07;47.83;116.82;55.31;135.54;60.28;159.81;61.26;188.14;57.86;214.67;51.29;235.68;42.99;251.92;33.94;265.21;24.71;276.95;15.70;288.04;7.24;299.13;-0.34;310.64;
2019-06-18;--;--;--;--;--;--;--;--;--;--;--;--;--;--;3.81;55.92;11.93;67.14;20.74;78.17;29.92;89.53;39.11;102.00;47.83;116.74;55.31;135.44;60.29;159.70;61.29;188.04;57.90;214.61;51.33;235.64;43.04;251.89;33.99;265.19;24.77;276.92;15.75;288.02;7.29;299.10;-0.29;310.61;
2019-06-19;--;--;--;--;--;--;--;--;--;--;--;--;--;--;3.80;55.87;11.91;67.09;20.73;78.11;29.91;89.47;39.09;101.93;47.81;116.66;55.30;135.35;60.30;159.59;61.32;187.94;57.94;214.53;51.38;235.59;43.09;251.85;34.04;265.16;24.81;276.89;15.80;287.99;7.33;299.07;-0.26;310.57;
2019-06-20;--;--;--;--;--;--;--;--;--;--;--;--;--;--;3.78;55.82;11.89;67.04;20.70;78.06;29.88;89.42;39.07;101.87;47.79;116.59;55.29;135.26;60.30;159.49;61.33;187.84;57.97;214.45;51.41;235.53;43.13;251.81;34.08;265.12;24.85;276.86;15.83;287.96;7.37;299.03;-0.22;310.54;
2019-06-21;--;--;--;--;--;--;--;--;--;--;--;--;--;--;3.76;55.77;11.87;67.00;20.68;78.02;29.85;89.37;39.04;101.82;47.76;116.53;55.27;135.18;60.29;159.39;61.34;187.74;57.99;214.37;51.44;235.47;43.16;251.76;34.12;265.08;24.89;276.82;15.87;287.92;7.40;298.99;-0.19;310.49;
2019-06-22;--;--;--;--;--;--;--;--;--;--;--;--;--;--;3.73;55.73;11.84;66.96;20.64;77.98;29.82;89.33;39.01;101.77;47.73;116.47;55.24;135.10;60.28;159.29;61.34;187.63;58.01;214.28;51.47;235.40;43.19;251.70;34.15;265.03;24.92;276.78;15.90;287.88;7.42;298.95;-0.17;310.45;
2019-06-23;--;--;--;--;--;--;--;--;--;--;--;--;--;--;3.70;55.69;11.80;66.92;20.60;77.94;29.78;89.29;38.97;101.73;47.70;116.42;55.21;135.04;60.26;159.20;61.34;187.53;58.02;214.19;51.49;235.32;43.22;251.64;34.17;264.98;24.94;276.73;15.92;287.83;7.44;298.90;-0.16;310.40;
2019-06-24;--;--;--;--;--;--;--;--;--;--;--;--;--;--;3.66;55.66;11.76;66.89;20.56;77.91;29.73;89.26;38.92;101.70;47.65;116.37;55.17;134.97;60.23;159.11;61.33;187.42;58.02;214.09;51.50;235.24;43.23;251.58;34.19;264.92;24.96;276.68;15.94;287.78;7.46;298.85;-0.15;310.35;
2019-06-25;--;--;--;--;--;--;--;--;--;--;--;--;--;--;3.62;55.63;11.71;66.86;20.51;77.89;29.69;89.24;38.87;101.67;47.61;116.33;55.13;134.91;60.20;159.02;61.31;187.32;58.02;213.98;51.51;235.16;43.25;251.50;34.21;264.85;24.98;276.62;15.95;287.72;7.47;298.80;-0.15;310.29;
2019-06-26;--;--;--;--;--;--;--;--;--;--;--;--;--;--;3.57;55.60;11.66;66.84;20.46;77.87;29.63;89.22;38.82;101.65;47.56;116.30;55.08;134.86;60.16;158.94;61.28;187.21;58.01;213.88;51.51;235.06;43.25;251.42;34.22;264.79;24.99;276.56;15.96;287.66;7.47;298.74;-0.15;310.23;
2019-06-27;--;--;--;--;--;--;--;--;--;--;--;--;--;--;3.51;55.58;11.60;66.83;20.40;77.85;29.57;89.20;38.76;101.63;47.50;116.28;55.03;134.82;60.11;158.87;61.25;187.11;57.99;213.77;51.50;234.97;43.26;251.34;34.22;264.71;24.99;276.49;15.96;287.60;7.46;298.68;-0.16;310.17;
2019-06-28;--;--;--;--;--;--;--;--;--;--;--;--;--;--;3.45;55.57;11.54;66.81;20.34;77.85;29.51;89.19;38.70;101.62;47.43;116.26;54.97;134.78;60.06;158.80;61.21;187.00;57.97;213.65;51.49;234.87;43.25;251.25;34.22;264.63;24.99;276.42;15.95;287.53;7.46;298.61;-0.17;310.11;
2019-06-29;--;--;--;--;--;--;--;--;--;--;--;--;--;--;3.38;55.55;11.47;66.81;20.27;77.84;29.44;89.19;38.63;101.61;47.37;116.25;54.90;134.75;60.00;158.73;61.16;186.90;57.94;213.54;51.48;234.76;43.24;251.16;34.21;264.55;24.98;276.34;15.94;287.46;7.44;298.54;-0.19;310.04;
2019-06-30;--;--;--;--;--;--;--;--;--;--;--;--;--;--;3.31;55.55;11.40;66.80;20.20;77.84;29.37;89.20;38.56;101.62;47.29;116.24;54.83;134.73;59.93;158.67;61.11;186.79;57.90;213.42;51.45;234.65;43.23;251.06;34.20;264.46;24.97;276.26;15.93;287.38;7.42;298.47;-0.22;309.97;
2019-07-01;--;--;--;--;--;--;--;--;--;--;--;--;--;--;3.24;55.54;11.33;66.81;20.12;77.85;29.29;89.21;38.48;101.63;47.22;116.25;54.75;134.71;59.86;158.61;61.05;186.69;57.86;213.29;51.42;234.53;43.20;250.95;34.18;264.37;24.95;276.17;15.91;287.30;7.39;298.39;-0.25;309.90;
2019-07-02;--;--;--;--;--;--;--;--;--;--;--;--;--;--;3.15;55.54;11.24;66.81;20.04;77.86;29.21;89.22;38.40;101.64;47.13;116.26;54.67;134.70;59.78;158.56;60.98;186.59;57.81;213.17;51.39;234.41;43.18;250.85;34.16;264.27;24.92;276.09;15.88;287.22;7.36;298.32;-0.29;309.83;
2019-07-03;--;--;--;--;--;--;--;--;--;--;--;--;--;--;3.07;55.55;11.16;66.83;19.96;77.88;29.13;89.24;38.31;101.66;47.05;116.27;54.58;134.70;59.69;158.52;60.91;186.49;57.75;213.04;51.35;234.28;43.14;250.73;34.13;264.17;24.89;275.99;15.85;287.13;7.32;298.23;-0.34;309.75;
2019-07-04;--;--;--;--;--;--;--;--;--;--;--;--;--;--;2.98;55.56;11.07;66.84;19.87;77.90;29.04;89.27;38.22;101.69;46.96;116.30;54.49;134.71;59.60;158.48;60.83;186.39;57.69;212.91;51.30;234.15;43.10;250.61;34.09;264.06;24.86;275.90;15.81;287.04;7.28;298.15;-0.39;309.67;
2019-07-05;--;--;--;--;--;--;--;--;--;--;--;--;--;--;2.88;55.57;10.97;66.87;19.77;77.93;28.94;89.30;38.13;101.73;46.86;116.33;54.39;134.72;59.50;158.44;60.74;186.29;57.62;212.78;51.24;234.02;43.06;250.49;34.05;263.95;24.82;275.79;15.76;286.95;7.23;298.06;-0.45;309.59;
2019-07-06;--;--;--;--;--;--;--;--;--;--;--;--;--;--;2.78;55.59;10.87;66.90;19.67;77.97;28.85;89.34;38.03;101.77;46.76;116.37;54.28;134.74;59.40;158.41;60.65;186.20;57.54;212.64;51.18;233.88;43.01;250.37;34.00;263.84;24.77;275.69;15.71;286.85;7.17;297.97;-0.52;309.50;
2019-07-07;--;--;--;--;--;--;--;--;--;--;--;--;--;--;2.67;55.62;10.77;66.93;19.57;78.01;28.74;89.39;37.93;101.82;46.65;116.41;54.17;134.77;59.29;158.39;60.55;186.10;57.46;212.51;51.11;233.74;42.95;250.24;33.95;263.72;24.71;275.58;15.65;286.75;7.11;297.88;-0.59;309.41;
2019-07-08;--;--;--;--;--;--;--;--;--;--;--;--;--;--;2.56;55.65;10.66;66.97;19.46;78.05;28.64;89.44;37.82;101.87;46.54;116.47;54.06;134.80;59.17;158.38;60.44;186.01;57.37;212.37;51.04;233.60;42.89;250.10;33.89;263.60;24.65;275.47;15.59;286.65;7.04;297.78;-0.67;309.33;
2019-07-09;--;--;--;--;--;--;--;--;--;--;--;--;--;--;2.45;55.68;10.55;67.01;19.35;78.11;28.53;89.50;37.71;101.94;46.43;116.52;53.94;134.84;59.05;158.37;60.32;185.93;57.27;212.23;50.96;233.45;42.82;249.96;33.83;263.47;24.59;275.36;15.52;286.54;6.96;297.68;-0.75;309.23;
2019-07-10;--;--;--;--;--;--;--;--;--;--;--;--;--;--;2.33;55.72;10.43;67.06;19.24;78.16;28.42;89.56;37.60;102.00;46.31;116.59;53.82;134.89;58.93;158.36;60.20;185.84;57.17;212.09;50.87;233.30;42.74;249.82;33.75;263.34;24.52;275.24;15.45;286.43;6.88;297.58;--;--;
2019-07-11;--;--;--;--;--;--;--;--;--;--;--;--;--;--;2.20;55.76;10.31;67.11;19.12;78.22;28.30;89.63;37.48;102.08;46.19;116.66;53.69;134.94;58.79;158.36;60.08;185.76;57.06;211.96;50.78;233.15;42.66;249.68;33.68;263.21;24.44;275.12;15.37;286.32;6.79;297.48;--;--;
2019-07-12;--;--;--;--;--;--;--;--;--;--;--;--;--;--;2.07;55.81;10.19;67.17;19.00;78.29;28.18;89.71;37.36;102.16;46.06;116.75;53.56;135.01;58.65;158.37;59.94;185.68;56.94;211.82;50.68;232.99;42.57;249.53;33.59;263.08;24.36;274.99;15.28;286.21;6.70;297.37;--;--;
2019-07-13;--;--;--;--;--;--;--;--;--;--;--;--;--;--;1.94;55.86;10.06;67.23;18.87;78.37;28.05;89.79;37.23;102.25;45.93;116.83;53.42;135.07;58.51;158.38;59.80;185.61;56.82;211.68;50.58;232.84;42.48;249.38;33.50;262.94;24.27;274.86;15.19;286.09;6.60;297.26;--;--;
2019-07-14;--;--;--;--;--;--;--;--;--;--;--;--;--;--;1.80;55.92;9.92;67.30;18.74;78.45;27.92;89.88;37.10;102.34;45.80;116.93;53.27;135.15;58.36;158.40;59.66;185.54;56.69;211.54;50.46;232.68;42.38;249.23;33.41;262.80;24.17;274.73;15.09;285.97;6.49;297.15;--;--;
2019-07-15;--;--;--;--;--;--;--;--;--;--;--;--;--;--;1.66;55.98;9.79;67.38;18.61;78.53;27.79;89.97;36.97;102.44;45.66;117.03;53.13;135.23;58.20;158.43;59.50;185.47;56.55;211.40;50.34;232.52;42.27;249.07;33.31;262.65;24.07;274.60;14.98;285.85;6.38;297.04;--;--;
2019-07-16;--;--;--;--;--;--;--;--;--;--;--;--;--;--;1.52;56.05;9.65;67.46;18.48;78.62;27.66;90.07;36.83;102.55;45.51;117.14;52.97;135.32;58.04;158.46;59.34;185.40;56.41;211.26;50.22;232.35;42.16;248.91;33.20;262.50;23.97;274.47;14.87;285.72;6.26;296.92;--;--;
2019-07-17;--;--;--;--;--;--;--;--;--;--;--;--;--;--;1.37;56.12;9.50;67.54;18.34;78.72;27.52;90.18;36.69;102.66;45.37;117.25;52.82;135.42;57.88;158.50;59.18;185.34;56.26;211.12;50.09;232.19;42.04;248.75;33.09;262.35;23.85;274.33;14.75;285.60;6.14;296.81;--;--;
2019-07-18;--;--;--;--;--;--;--;--;--;--;--;--;--;--;1.21;56.20;9.36;67.63;18.19;78.82;27.38;90.29;36.55;102.78;45.22;117.37;52.65;135.53;57.70;158.54;59.01;185.29;56.10;210.98;49.95;232.02;41.91;248.59;32.97;262.20;23.74;274.19;14.63;285.47;6.01;296.69;--;--;
2019-07-19;--;--;--;--;--;--;--;--;--;--;--;--;--;--;1.06;56.28;9.21;67.73;18.05;78.92;27.23;90.40;36.40;102.91;45.06;117.50;52.49;135.64;57.53;158.59;58.83;185.23;55.94;210.85;49.80;231.86;41.78;248.42;32.84;262.05;23.61;274.04;14.50;285.34;5.87;296.57;--;--;
2019-07-20;--;--;--;--;--;--;--;--;--;--;--;--;--;--;0.90;56.37;9.05;67.83;17.90;79.04;27.09;90.53;36.25;103.04;44.91;117.64;52.32;135.75;57.34;158.65;58.65;185.18;55.77;210.71;49.65;231.69;41.64;248.26;32.71;261.89;23.48;273.90;14.37;285.20;5.73;296.45;--;--;
2019-07-21;--;--;--;--;--;--;--;--;--;--;--;--;--;--;0.73;56.46;8.90;67.94;17.75;79.16;26.94;90.66;36.10;103.18;44.74;117.78;52.14;135.88;57.16;158.71;58.46;185.14;55.59;210.58;49.50;231.52;41.50;248.09;32.58;261.73;23.34;273.75;14.23;285.07;5.58;296.32;--;--;
2019-07-22;--;--;--;--;--;--;--;--;--;--;--;--;--;--;0.56;56.56;8.73;68.05;17.59;79.28;26.78;90.79;35.94;103.32;44.58;117.93;51.97;136.01;56.96;158.78;58.26;185.10;55.41;210.44;49.33;231.35;41.35;247.92;32.43;261.57;23.20;273.60;14.08;284.93;5.43;296.20;--;--;
2019-07-23;--;--;--;--;--;--;--;--;--;--;--;--;--;--;0.39;56.66;8.57;68.16;17.43;79.41;26.63;90.93;35.78;103.48;44.41;118.08;51.78;136.15;56.77;158.85;58.06;185.06;55.22;210.31;49.16;231.18;41.19;247.74;32.28;261.41;23.05;273.45;13.93;284.79;5.27;296.07;--;--;
2019-07-24;--;--;--;--;--;--;--;--;--;--;--;--;--;--;0.22;56.77;8.40;68.29;17.27;79.54;26.47;91.08;35.62;103.63;44.24;118.24;51.60;136.29;56.56;158.93;57.86;185.02;55.03;210.18;48.99;231.02;41.03;247.57;32.13;261.24;22.90;273.30;13.77;284.65;5.10;295.95;--;--;
2019-07-25;--;--;--;--;--;--;--;--;--;--;--;--;--;--;0.04;56.88;8.23;68.41;17.11;79.68;26.30;91.23;35.45;103.79;44.06;118.41;51.40;136.44;56.36;159.01;57.64;185.00;54.83;210.06;48.81;230.85;40.86;247.40;31.97;261.08;22.74;273.15;13.61;284.51;4.93;295.82;--;--;
2019-07-26;--;--;--;--;--;--;--;--;--;--;--;--;--;--;-0.15;57.00;8.06;68.54;16.94;79.83;26.14;91.39;35.28;103.96;43.88;118.58;51.21;136.59;56.14;159.10;57.43;184.97;54.62;209.93;48.62;230.68;40.69;247.22;31.80;260.91;22.57;272.99;13.44;284.37;4.75;295.69;--;--;
2019-07-27;--;--;--;--;--;--;--;--;--;--;--;--;--;--;-0.33;57.12;7.89;68.68;16.77;79.98;25.97;91.55;35.11;104.13;43.70;118.76;51.01;136.75;55.93;159.20;57.20;184.95;54.41;209.81;48.42;230.51;40.51;247.04;31.63;260.74;22.40;272.83;13.26;284.22;4.57;295.55;--;--;
2019-07-28;--;--;--;--;--;--;--;--;--;--;--;--;--;--;-0.52;57.25;7.71;68.82;16.60;80.13;25.80;91.72;34.94;104.31;43.52;118.94;50.81;136.92;55.71;159.30;56.97;184.93;54.19;209.69;48.22;230.34;40.32;246.87;31.45;260.57;22.22;272.68;13.08;284.07;4.38;295.42;--;--;
2019-07-29;--;--;--;--;--;--;--;--;--;--;--;--;--;--;-0.71;57.38;7.53;68.97;16.42;80.29;25.63;91.89;34.76;104.50;43.33;119.13;50.60;137.09;55.48;159.40;56.74;184.92;53.97;209.57;48.02;230.17;40.13;246.69;31.27;260.40;22.04;272.52;12.90;283.93;4.19;295.29;--;--;
2019-07-30;--;--;--;--;--;--;--;--;--;--;--;--;--;--;--;--;7.34;69.12;16.24;80.46;25.45;92.07;34.58;104.69;43.14;119.33;50.39;137.27;55.25;159.51;56.50;184.91;53.74;209.45;47.81;230.00;39.93;246.51;31.08;260.23;21.85;272.35;12.70;283.78;3.99;295.15;--;--;
2019-07-31;--;--;--;--;--;--;--;--;--;--;--;--;--;--;--;--;7.15;69.28;16.06;80.63;25.27;92.25;34.40;104.88;42.94;119.53;50.18;137.45;55.01;159.63;56.26;184.91;53.51;209.34;47.59;229.84;39.73;246.33;30.88;260.06;21.66;272.19;12.51;283.63;3.78;295.02;--;--;
2019-08-01;--;--;--;--;--;--;--;--;--;--;--;--;--;--;--;--;6.97;69.44;15.88;80.80;25.09;92.44;34.21;105.08;42.74;119.73;49.96;137.64;54.77;159.75;56.01;184.90;53.27;209.22;47.36;229.67;39.52;246.16;30.68;259.88;21.46;272.03;12.30;283.48;3.57;294.88;--;--;
2019-08-02;--;--;--;--;--;--;--;--;--;--;--;--;--;--;--;--;6.77;69.61;15.70;80.98;24.91;92.63;34.02;105.29;42.54;119.94;49.74;137.83;54.53;159.87;55.75;184.91;53.02;209.12;47.14;229.51;39.31;245.98;30.47;259.71;21.26;271.86;12.09;283.33;3.35;294.75;--;--;
2019-08-03;--;--;--;--;--;--;--;--;--;--;--;--;--;--;--;--;6.58;69.78;15.51;81.17;24.72;92.83;33.83;105.50;42.34;120.16;49.51;138.03;54.28;160.00;55.49;184.91;52.77;209.01;46.90;229.34;39.09;245.80;30.26;259.53;21.05;271.70;11.88;283.17;3.13;294.61;--;--;
2019-08-04;--;--;--;--;--;--;--;--;--;--;--;--;--;--;--;--;6.38;69.95;15.32;81.36;24.54;93.04;33.64;105.72;42.13;120.38;49.28;138.23;54.03;160.13;55.23;184.92;52.51;208.91;46.66;229.18;38.86;245.62;30.04;259.36;20.83;271.53;11.66;283.02;2.91;294.47;--;--;
2019-08-05;--;--;--;--;--;--;--;--;--;--;--;--;--;--;--;--;6.18;70.13;15.13;81.55;24.35;93.24;33.44;105.94;41.92;120.61;49.05;138.44;53.77;160.27;54.96;184.94;52.25;208.80;46.41;229.02;38.63;245.44;29.82;259.18;20.61;271.37;11.44;282.87;2.67;294.33;--;--;
2019-08-06;--;--;--;--;--;--;--;--;--;--;--;--;--;--;--;--;5.98;70.32;14.94;81.75;24.15;93.46;33.24;106.16;41.71;120.84;48.82;138.65;53.51;160.41;54.69;184.96;51.98;208.71;46.16;228.86;38.39;245.26;29.59;259.01;20.38;271.20;11.21;282.71;2.44;294.19;--;--;
2019-08-07;--;--;--;--;--;--;--;--;--;--;--;--;--;--;--;--;5.78;70.51;14.74;81.95;23.96;93.67;33.04;106.39;41.49;121.07;48.58;138.87;53.25;160.56;54.41;184.98;51.71;208.61;45.91;228.70;38.15;245.09;29.36;258.83;20.15;271.03;10.97;282.56;2.19;294.05;--;--;
2019-08-08;--;--;--;--;--;--;--;--;--;--;--;--;--;--;--;--;5.58;70.70;14.54;82.16;23.76;93.90;32.84;106.63;41.28;121.31;48.33;139.09;52.98;160.71;54.12;185.00;51.43;208.52;45.64;228.55;37.90;244.91;29.12;258.65;19.91;270.86;10.73;282.40;1.95;293.91;--;--;
2019-08-09;--;--;--;--;--;--;--;--;--;--;--;--;--;--;--;--;5.37;70.90;14.34;82.37;23.56;94.12;32.64;106.87;41.05;121.55;48.09;139.31;52.71;160.86;53.84;185.03;51.15;208.43;45.38;228.39;37.65;244.73;28.88;258.48;19.67;270.70;10.49;282.24;1.69;293.77;--;--;
2019-08-10;--;--;--;--;--;--;--;--;--;--;--;--;--;--;--;--;5.16;71.11;14.14;82.59;23.36;94.35;32.43;107.11;40.83;121.80;47.84;139.54;52.43;161.02;53.54;185.06;50.86;208.34;45.11;228.24;37.39;244.56;28.63;258.30;19.43;270.53;10.24;282.09;1.44;293.62;--;--;
2019-08-11;--;--;--;--;--;--;--;--;--;--;--;--;--;--;--;--;4.95;71.31;13.94;82.81;23.16;94.59;32.22;107.36;40.60;122.05;47.59;139.77;52.15;161.18;53.25;185.10;50.57;208.26;44.83;228.09;37.13;244.38;28.37;258.12;19.18;270.36;9.98;281.93;1.18;293.48;--;--;
2019-08-12;--;--;--;--;--;--;--;--;--;--;--;--;--;--;--;--;4.73;71.53;13.73;83.04;22.96;94.83;32.01;107.61;40.37;122.31;47.33;140.01;51.87;161.34;52.95;185.13;50.27;208.17;44.55;227.94;36.86;244.21;28.11;257.95;18.92;270.19;9.73;281.77;0.91;293.34;--;--;
2019-08-13;--;--;--;--;--;--;--;--;--;--;--;--;--;--;--;--;4.52;71.74;13.53;83.27;22.75;95.07;31.79;107.86;40.14;122.57;47.07;140.24;51.58;161.50;52.64;185.17;49.97;208.09;44.26;227.79;36.59;244.03;27.85;257.77;18.66;270.02;9.46;281.61;0.64;293.19;--;--;
2019-08-14;--;--;--;--;--;--;--;--;--;--;--;--;--;--;--;--;4.30;71.96;13.32;83.50;22.54;95.31;31.57;108.12;39.91;122.83;46.81;140.48;51.29;161.67;52.34;185.22;49.66;208.02;43.97;227.64;36.31;243.86;27.58;257.59;18.39;269.85;9.19;281.45;0.36;293.05;--;--;
2019-08-15;--;--;--;--;--;--;--;--;--;--;--;--;--;--;--;--;4.09;72.19;13.11;83.74;22.33;95.57;31.36;108.38;39.67;123.10;46.55;140.73;50.99;161.84;52.02;185.26;49.35;207.94;43.67;227.50;36.03;243.69;27.31;257.42;18.12;269.68;8.92;281.29;0.08;292.91;--;--;
2019-08-16;--;--;--;--;--;--;--;--;--;--;--;--;--;--;--;--;3.87;72.41;12.90;83.98;22.12;95.82;31.14;108.65;39.43;123.36;46.28;140.98;50.69;162.02;51.71;185.31;49.04;207.87;43.37;227.35;35.75;243.52;27.03;257.24;17.85;269.51;8.64;281.13;-0.20;292.76;--;--;
2019-08-17;--;--;--;--;--;--;--;--;--;--;--;--;--;--;--;--;3.64;72.65;12.68;84.23;21.91;96.08;30.91;108.92;39.19;123.64;46.01;141.23;50.39;162.19;51.39;185.36;48.72;207.80;43.07;227.21;35.45;243.35;26.75;257.07;17.57;269.34;8.36;280.97;-0.49;292.62;--;--;
2019-08-18;--;--;--;--;--;--;--;--;--;--;--;--;--;--;--;--;3.42;72.88;12.47;84.47;21.69;96.34;30.69;109.19;38.94;123.91;45.73;141.48;50.09;162.37;51.06;185.42;48.40;207.74;42.76;227.07;35.16;243.18;26.47;256.89;17.29;269.17;8.08;280.81;-0.78;292.47;--;--;
2019-08-19;--;--;--;--;--;--;--;--;--;--;--;--;--;--;--;--;3.20;73.12;12.25;84.73;21.47;96.60;30.46;109.47;38.70;124.19;45.46;141.73;49.78;162.55;50.74;185.47;48.07;207.67;42.44;226.93;34.86;243.01;26.18;256.72;17.00;269.00;7.79;280.65;--;--;--;--;
2019-08-20;--;--;--;--;--;--;--;--;--;--;--;--;--;--;--;--;2.97;73.37;12.03;84.98;21.25;96.87;30.23;109.74;38.45;124.47;45.18;141.99;49.47;162.73;50.41;185.53;47.74;207.61;42.13;226.80;34.56;242.84;25.88;256.54;16.71;268.83;7.49;280.49;--;--;--;--;
2019-08-21;--;--;--;--;--;--;--;--;--;--;--;--;--;--;--;--;2.74;73.61;11.81;85.24;21.03;97.14;30.00;110.03;38.19;124.75;44.90;142.25;49.15;162.91;50.07;185.59;47.41;207.55;41.80;226.66;34.25;242.68;25.58;256.37;16.41;268.66;7.20;280.33;--;--;--;--;
2019-08-22;--;--;--;--;--;--;--;--;--;--;--;--;--;--;--;--;2.51;73.86;11.59;85.50;20.81;97.42;29.77;110.31;37.94;125.04;44.61;142.51;48.84;163.10;49.73;185.66;47.07;207.49;41.48;226.53;33.94;242.51;25.28;256.19;16.12;268.49;6.90;280.17;--;--;--;--;
2019-08-23;--;--;--;--;--;--;--;--;--;--;--;--;--;--;--;--;2.28;74.12;11.37;85.77;20.59;97.69;29.53;110.60;37.68;125.33;44.32;142.77;48.52;163.29;49.39;185.72;46.73;207.44;41.15;226.40;33.62;242.35;24.97;256.02;15.81;268.32;6.59;280.01;--;--;--;--;
2019-08-24;--;--;--;--;--;--;--;--;--;--;--;--;--;--;--;--;2.05;74.37;11.14;86.04;20.36;97.97;29.29;110.89;37.42;125.62;44.03;143.03;48.19;163.47;49.05;185.79;46.38;207.39;40.82;226.27;33.30;242.19;24.66;255.85;15.51;268.15;6.28;279.85;--;--;--;--;
2019-08-25;--;--;--;--;--;--;--;--;--;--;--;--;--;--;--;--;1.82;74.63;10.92;86.31;20.13;98.26;29.06;111.18;37.16;125.91;43.74;143.30;47.87;163.66;48.70;185.85;46.04;207.33;40.48;226.15;32.98;242.03;24.35;255.68;15.20;267.98;5.97;279.69;--;--;--;--;
2019-08-26;--;--;--;--;--;--;--;--;--;--;--;--;--;--;--;--;1.59;74.90;10.69;86.58;19.90;98.54;28.81;111.47;36.90;126.20;43.44;143.56;47.54;163.85;48.35;185.92;45.68;207.29;40.14;226.02;32.65;241.87;24.03;255.51;14.88;267.81;5.66;279.53;--;--;--;--;
2019-08-27;--;--;--;--;--;--;--;--;--;--;--;--;--;--;--;--;1.35;75.16;10.46;86.86;19.67;98.83;28.57;111.77;36.63;126.50;43.15;143.83;47.21;164.05;48.00;186.00;45.33;207.24;39.80;225.90;32.32;241.71;23.71;255.34;14.57;267.64;5.34;279.37;--;--;--;--;
2019-08-28;--;--;--;--;--;--;--;--;--;--;--;--;--;--;--;--;1.12;75.43;10.23;87.14;19.44;99.12;28.33;112.07;36.37;126.79;42.85;144.10;46.87;164.24;47.64;186.07;44.97;207.19;39.45;225.78;31.99;241.55;23.39;255.17;14.25;267.47;5.02;279.21;--;--;--;--;
2019-08-29;--;--;--;--;--;--;--;--;--;--;--;--;--;--;--;--;0.88;75.71;10.00;87.42;19.21;99.41;28.08;112.37;36.10;127.09;42.54;144.37;46.54;164.43;47.29;186.14;44.61;207.15;39.10;225.66;31.65;241.39;23.06;255.00;13.92;267.30;4.69;279.04;--;--;--;--;
2019-08-30;--;--;--;--;--;--;--;--;--;--;--;--;--;--;--;--;0.64;75.98;9.77;87.71;18.97;99.71;27.83;112.67;35.82;127.39;42.24;144.64;46.20;164.62;46.92;186.22;44.25;207.11;38.75;225.54;31.31;241.24;22.73;254.83;13.60;267.13;4.36;278.88;--;--;--;--;
2019-08-31;--;--;--;--;--;--;--;--;--;--;--;--;--;--;--;--;0.40;76.26;9.54;87.99;18.74;100.00;27.58;112.97;35.55;127.69;41.93;144.91;45.86;164.82;46.56;186.29;43.88;207.07;38.39;225.42;30.97;241.08;22.40;254.66;13.27;266.96;4.03;278.72;--;--;--;--;
2019-09-01;--;--;--;--;--;--;--;--;--;--;--;--;--;--;--;--;0.16;76.54;9.30;88.28;18.50;100.30;27.33;113.28;35.27;127.99;41.62;145.18;45.51;165.01;46.20;186.37;43.51;207.03;38.03;225.31;30.62;240.93;22.06;254.49;12.94;266.79;3.70;278.56;--;--;--;--;
2019-09-02;--;--;--;--;--;--;--;--;--;--;--;--;--;--;--;--;-0.08;76.82;9.07;88.57;18.26;100.60;27.08;113.58;35.00;128.29;41.31;145.45;45.17;165.20;45.83;186.44;43.14;206.99;37.67;225.19;30.27;240.78;21.72;254.33;12.60;266.63;3.36;278.40;--;--;--;--;
2019-09-03;--;--;--;--;--;--;--;--;--;--;--;--;--;--;--;--;-0.32;77.11;8.83;88.87;18.02;100.90;26.83;113.89;34.72;128.60;41.00;145.72;44.82;165.40;45.46;186.52;42.77;206.96;37.31;225.08;29.92;240.62;21.38;254.16;12.27;266.46;3.03;278.23;--;--;--;--;
2019-09-04;--;--;--;--;--;--;--;--;--;--;--;--;--;--;--;--;-0.56;77.39;8.60;89.16;17.78;101.21;26.57;114.20;34.43;128.90;40.68;145.99;44.47;165.59;45.08;186.60;42.39;206.92;36.94;224.97;29.57;240.47;21.04;253.99;11.93;266.29;2.69;278.07;--;--;--;--;
2019-09-05;--;--;--;--;--;--;--;--;--;--;--;--;--;--;--;--;-0.81;77.68;8.36;89.46;17.54;101.51;26.31;114.51;34.15;129.20;40.36;146.26;44.11;165.78;44.71;186.68;42.01;206.89;36.57;224.86;29.21;240.32;20.69;253.83;11.58;266.12;2.34;277.91;--;--;--;--;
2019-09-06;--;--;--;--;--;--;--;--;--;--;--;--;--;--;--;--;--;--;8.12;89.76;17.29;101.82;26.05;114.82;33.86;129.51;40.04;146.53;43.76;165.98;44.33;186.76;41.63;206.86;36.20;224.75;28.86;240.18;20.34;253.66;11.24;265.95;2.00;277.75;--;--;--;--;
2019-09-07;--;--;--;--;--;--;--;--;--;--;--;--;--;--;--;--;--;--;7.88;90.06;17.05;102.12;25.79;115.13;33.58;129.81;39.72;146.80;43.40;166.17;43.95;186.84;41.25;206.82;35.83;224.64;28.50;240.03;19.99;253.50;10.89;265.79;1.65;277.58;--;--;--;--;
2019-09-08;--;--;--;--;--;--;--;--;--;--;--;--;--;--;--;--;--;--;7.64;90.36;16.80;102.43;25.53;115.44;33.29;130.11;39.40;147.07;43.05;166.36;43.57;186.92;40.87;206.79;35.45;224.54;28.13;239.88;19.64;253.34;10.55;265.62;1.30;277.42;--;--;--;--;
2019-09-09;--;--;--;--;--;--;--;--;--;--;--;--;--;--;--;--;--;--;7.39;90.66;16.55;102.74;25.26;115.75;33.00;130.41;39.07;147.33;42.69;166.55;43.19;187.00;40.48;206.76;35.08;224.43;27.77;239.73;19.29;253.17;10.20;265.45;0.95;277.26;--;--;--;--;
2019-09-10;--;--;--;--;--;--;--;--;--;--;--;--;--;--;--;--;--;--;7.15;90.97;16.31;103.05;25.00;116.06;32.70;130.72;38.74;147.60;42.32;166.74;42.81;187.07;40.10;206.74;34.70;224.33;27.40;239.59;18.93;253.01;9.85;265.28;0.60;277.09;--;--;--;--;
2019-09-11;--;--;--;--;--;--;--;--;--;--;--;--;--;--;--;--;--;--;6.91;91.27;16.06;103.36;24.73;116.38;32.41;131.02;38.41;147.87;41.96;166.93;42.42;187.15;39.71;206.71;34.32;224.22;27.03;239.44;18.57;252.85;9.49;265.12;0.25;276.93;--;--;--;--;
2019-09-12;--;--;--;--;--;--;--;--;--;--;--;--;--;--;--;--;--;--;6.66;91.58;15.80;103.67;24.46;116.69;32.11;131.32;38.08;148.13;41.60;167.12;42.04;187.23;39.32;206.68;33.94;224.12;26.67;239.30;18.21;252.68;9.14;264.95;-0.11;276.76;--;--;--;--;
2019-09-13;--;--;--;--;--;--;--;--;--;--;--;--;--;--;--;--;--;--;6.42;91.89;15.55;103.98;24.19;117.00;31.82;131.62;37.75;148.39;41.23;167.30;41.65;187.31;38.92;206.65;33.55;224.02;26.29;239.16;17.85;252.52;8.78;264.78;-0.46;276.60;--;--;--;--;
2019-09-14;--;--;--;--;--;--;--;--;--;--;--;--;--;--;--;--;--;--;6.17;92.20;15.30;104.29;23.92;117.31;31.52;131.92;37.42;148.65;40.86;167.49;41.26;187.39;38.53;206.63;33.17;223.92;25.92;239.02;17.49;252.36;8.43;264.61;-0.82;276.43;--;--;--;--;
2019-09-15;--;--;--;--;--;--;--;--;--;--;--;--;--;--;--;--;--;--;5.92;92.50;15.04;104.61;23.65;117.62;31.22;132.22;37.08;148.92;40.49;167.67;40.87;187.46;38.14;206.60;32.78;223.82;25.55;238.87;17.13;252.20;8.07;264.44;--;--;--;--;--;--;
2019-09-16;--;--;--;--;--;--;--;--;--;--;--;--;--;--;--;--;--;--;5.68;92.81;14.79;104.92;23.38;117.93;30.91;132.52;36.74;149.17;40.12;167.85;40.48;187.54;37.74;206.57;32.40;223.72;25.18;238.73;16.76;252.04;7.71;264.28;--;--;--;--;--;--;
2019-09-17;--;--;--;--;--;--;--;--;--;--;--;--;--;--;--;--;--;--;5.43;93.12;14.53;105.23;23.10;118.24;30.61;132.81;36.41;149.43;39.75;168.03;40.09;187.62;37.35;206.55;32.01;223.62;24.80;238.59;16.40;251.88;7.35;264.11;--;--;--;--;--;--;
2019-09-18;--;--;--;--;--;--;--;--;--;--;--;--;--;--;--;--;--;--;5.18;93.43;14.27;105.54;22.82;118.55;30.31;133.11;36.07;149.69;39.38;168.21;39.69;187.69;36.95;206.52;31.62;223.52;24.42;238.45;16.03;251.72;6.99;263.94;--;--;--;--;--;--;
2019-09-19;--;--;--;--;--;--;--;--;--;--;--;--;--;--;--;--;--;--;4.93;93.74;14.02;105.85;22.55;118.86;30.00;133.40;35.73;149.94;39.01;168.39;39.30;187.76;36.55;206.49;31.23;223.42;24.05;238.31;15.66;251.55;6.63;263.77;--;--;--;--;--;--;
2019-09-20;--;--;--;--;--;--;--;--;--;--;--;--;--;--;--;--;--;--;4.68;94.05;13.76;106.16;22.27;119.17;29.69;133.69;35.38;150.19;38.63;168.56;38.91;187.84;36.16;206.47;30.85;223.33;23.67;238.17;15.30;251.39;6.27;263.60;--;--;--;--;--;--;
2019-09-21;--;--;--;--;--;--;--;--;--;--;--;--;--;--;--;--;--;--;4.42;94.36;13.50;106.47;21.99;119.48;29.38;133.98;35.04;150.44;38.26;168.74;38.51;187.91;35.76;206.44;30.46;223.23;23.29;238.03;14.93;251.23;5.91;263.43;--;--;--;--;--;--;
2019-09-22;--;--;--;--;--;--;--;--;--;--;--;--;--;--;--;--;--;--;4.17;94.67;13.23;106.78;21.71;119.78;29.07;134.27;34.70;150.68;37.88;168.91;38.12;187.98;35.36;206.42;30.07;223.13;22.92;237.89;14.56;251.07;5.54;263.27;--;--;--;--;--;--;
2019-09-23;--;--;--;--;--;--;--;--;--;--;--;--;--;--;--;--;--;--;3.92;94.98;12.97;107.09;21.43;120.08;28.76;134.56;34.35;150.93;37.51;169.08;37.72;188.05;34.96;206.39;29.68;223.03;22.54;237.75;14.20;250.91;5.18;263.10;--;--;--;--;--;--;
2019-09-24;--;--;--;--;--;--;--;--;--;--;--;--;--;--;--;--;--;--;3.67;95.29;12.71;107.40;21.14;120.39;28.45;134.84;34.01;151.17;37.13;169.24;37.33;188.11;34.56;206.36;29.29;222.94;22.16;237.62;13.83;250.75;4.82;262.93;--;--;--;--;--;--;
2019-09-25;--;--;--;--;--;--;--;--;--;--;--;--;--;--;--;--;--;--;3.41;95.60;12.45;107.71;20.86;120.69;28.14;135.12;33.66;151.41;36.75;169.41;36.93;188.18;34.17;206.33;28.90;222.84;21.78;237.48;13.46;250.59;4.46;262.76;--;--;--;--;--;--;
2019-09-26;--;--;--;--;--;--;--;--;--;--;--;--;--;--;--;--;--;--;3.16;95.91;12.18;108.01;20.58;120.99;27.83;135.40;33.31;151.65;36.37;169.57;36.54;188.24;33.77;206.30;28.51;222.74;21.40;237.34;13.09;250.43;4.10;262.58;--;--;--;--;--;--;
2019-09-27;--;--;--;--;--;--;--;--;--;--;--;--;--;--;--;--;--;--;2.90;96.21;11.92;108.32;20.29;121.28;27.51;135.68;32.97;151.88;36.00;169.73;36.14;188.31;33.37;206.28;28.12;222.65;21.03;237.20;12.73;250.27;3.74;262.41;--;--;--;--;--;--;
2019-09-28;--;--;--;--;--;--;--;--;--;--;--;--;--;--;--;--;--;--;2.65;96.52;11.65;108.62;20.00;121.58;27.20;135.96;32.62;152.11;35.62;169.88;35.75;188.37;32.97;206.25;27.73;222.55;20.65;237.06;12.36;250.11;3.38;262.24;--;--;--;--;--;--;
2019-09-29;--;--;--;--;--;--;--;--;--;--;--;--;--;--;--;--;--;--;2.39;96.82;11.38;108.92;19.72;121.87;26.88;136.23;32.27;152.34;35.24;170.04;35.35;188.43;32.58;206.22;27.34;222.45;20.28;236.92;12.00;249.95;3.02;262.07;--;--;--;--;--;--;
2019-09-30;--;--;--;--;--;--;--;--;--;--;--;--;--;--;--;--;--;--;2.14;97.13;11.12;109.22;19.43;122.16;26.57;136.50;31.92;152.56;34.86;170.19;34.96;188.48;32.18;206.18;26.95;222.35;19.90;236.78;11.63;249.79;2.66;261.90;--;--;--;--;--;--;
2019-10-01;--;--;--;--;--;--;--;--;--;--;--;--;--;--;--;--;--;--;1.88;97.43;10.85;109.52;19.14;122.45;26.25;136.76;31.57;152.78;34.49;170.33;34.56;188.54;31.78;206.15;26.57;222.26;19.53;236.65;11.27;249.62;2.31;261.72;--;--;--;--;--;--;
2019-10-02;--;--;--;--;--;--;--;--;--;--;--;--;--;--;--;--;--;--;1.62;97.73;10.58;109.81;18.85;122.74;25.93;137.03;31.22;153.00;34.11;170.48;34.17;188.59;31.39;206.12;26.18;222.16;19.15;236.51;10.91;249.46;1.95;261.55;--;--;--;--;--;--;
2019-10-03;--;--;--;--;--;--;--;--;--;--;--;--;--;--;--;--;--;--;1.36;98.03;10.31;110.11;18.56;123.02;25.61;137.29;30.87;153.21;33.73;170.62;33.78;188.65;31.00;206.08;25.80;222.06;18.78;236.37;10.55;249.30;1.60;261.38;--;--;--;--;--;--;
2019-10-04;--;--;--;--;--;--;--;--;--;--;--;--;--;--;--;--;--;--;1.11;98.33;10.04;110.40;18.27;123.30;25.30;137.54;30.52;153.43;33.36;170.76;33.38;188.69;30.60;206.05;25.41;221.96;18.41;236.23;10.19;249.14;1.25;261.20;--;--;--;--;--;--;
2019-10-05;--;--;--;--;--;--;--;--;--;--;--;--;--;--;--;--;--;--;0.85;98.62;9.77;110.69;17.98;123.58;24.98;137.80;30.17;153.63;32.98;170.89;32.99;188.74;30.21;206.01;25.03;221.86;18.04;236.09;9.83;248.97;0.89;261.03;--;--;--;--;--;--;
2019-10-06;--;--;--;--;--;--;--;--;--;--;--;--;--;--;--;--;--;--;0.59;98.92;9.50;110.98;17.69;123.85;24.66;138.05;29.83;153.84;32.61;171.03;32.60;188.79;29.82;205.97;24.65;221.76;17.67;235.95;9.47;248.81;0.55;260.85;--;--;--;--;--;--;
2019-10-07;--;--;--;--;--;--;--;--;--;--;--;--;--;--;--;--;--;--;0.33;99.21;9.23;111.26;17.40;124.12;24.34;138.29;29.48;154.04;32.23;171.16;32.22;188.83;29.43;205.94;24.27;221.66;17.31;235.81;9.12;248.65;0.20;260.67;--;--;--;--;--;--;
2019-10-08;--;--;--;--;--;--;--;--;--;--;--;--;--;--;--;--;--;--;0.07;99.50;8.96;111.54;17.11;124.39;24.02;138.54;29.13;154.24;31.86;171.28;31.83;188.87;29.05;205.89;23.89;221.56;16.94;235.67;8.77;248.48;-0.15;260.50;--;--;--;--;--;--;
2019-10-09;--;--;--;--;--;--;--;--;--;--;--;--;--;--;--;--;--;--;-0.19;99.79;8.69;111.82;16.81;124.66;23.70;138.78;28.78;154.43;31.49;171.41;31.44;188.91;28.66;205.85;23.52;221.46;16.58;235.52;8.42;248.32;-0.49;260.32;--;--;--;--;--;--;
2019-10-10;--;--;--;--;--;--;--;--;--;--;--;--;--;--;--;--;--;--;-0.45;100.08;8.42;112.10;16.52;124.92;23.38;139.01;28.43;154.62;31.11;171.53;31.06;188.94;28.28;205.81;23.14;221.35;16.22;235.38;8.07;248.15;-0.83;260.14;--;--;--;--;--;--;
2019-10-11;--;--;--;--;--;--;--;--;--;--;--;--;--;--;--;--;--;--;-0.71;100.36;8.14;112.37;16.23;125.18;23.06;139.25;28.09;154.80;30.74;171.64;30.68;188.98;27.90;205.77;22.77;221.25;15.86;235.24;7.72;247.99;--;--;--;--;--;--;--;--;
2019-10-12;--;--;--;--;--;--;--;--;--;--;--;--;--;--;--;--;--;--;--;--;7.87;112.64;15.94;125.44;22.74;139.47;27.74;154.99;30.37;171.75;30.30;189.01;27.52;205.72;22.40;221.15;15.51;235.10;7.38;247.82;--;--;--;--;--;--;--;--;
2019-10-13;--;--;--;--;--;--;--;--;--;--;--;--;--;--;--;--;--;--;--;--;7.60;112.91;15.65;125.69;22.43;139.70;27.39;155.16;30.01;171.86;29.92;189.04;27.14;205.67;22.04;221.04;15.15;234.95;7.04;247.65;--;--;--;--;--;--;--;--;
2019-10-14;--;--;--;--;--;--;--;--;--;--;--;--;--;--;--;--;--;--;--;--;7.33;113.18;15.35;125.94;22.11;139.92;27.05;155.34;29.64;171.97;29.54;189.06;26.77;205.62;21.67;220.93;14.80;234.81;6.70;247.48;--;--;--;--;--;--;--;--;
2019-10-15;--;--;--;--;--;--;--;--;--;--;--;--;--;--;--;--;--;--;--;--;7.06;113.44;15.06;126.18;21.79;140.14;26.70;155.51;29.28;172.07;29.17;189.08;26.39;205.57;21.31;220.83;14.46;234.66;6.36;247.32;--;--;--;--;--;--;--;--;
2019-10-16;--;--;--;--;--;--;--;--;--;--;--;--;--;--;--;--;--;--;--;--;6.78;113.70;14.77;126.42;21.47;140.35;26.36;155.67;28.91;172.17;28.79;189.10;26.02;205.52;20.95;220.72;14.11;234.52;6.03;247.15;--;--;--;--;--;--;--;--;
2019-10-17;--;--;--;--;--;--;--;--;--;--;--;--;--;--;--;--;--;--;--;--;6.51;113.95;14.48;126.66;21.16;140.56;26.02;155.83;28.55;172.26;28.42;189.12;25.66;205.47;20.60;220.61;13.77;234.37;5.70;246.98;--;--;--;--;--;--;--;--;
2019-10-18;--;--;--;--;--;--;--;--;--;--;--;--;--;--;--;--;--;--;--;--;6.24;114.20;14.19;126.89;20.84;140.76;25.68;155.99;28.19;172.35;28.06;189.14;25.29;205.41;20.24;220.50;13.43;234.23;5.37;246.81;--;--;--;--;--;--;--;--;
2019-10-19;--;--;--;--;--;--;--;--;--;--;--;--;--;--;--;--;--;--;--;--;5.97;114.45;13.90;127.12;20.53;140.96;25.34;156.14;27.83;172.44;27.69;189.15;24.93;205.35;19.90;220.39;13.09;234.08;5.05;246.64;--;--;--;--;--;--;--;--;
2019-10-20;--;--;--;--;--;--;--;--;--;--;--;--;--;--;--;--;--;--;--;--;5.70;114.69;13.61;127.35;20.22;141.15;25.01;156.29;27.48;172.52;27.33;189.16;24.57;205.29;19.55;220.28;12.76;233.93;4.73;246.46;--;--;--;--;--;--;--;--;
2019-10-21;--;--;--;--;--;--;--;--;--;--;--;--;--;--;--;--;--;--;--;--;5.43;114.93;13.32;127.57;19.90;141.34;24.67;156.43;27.13;172.60;26.97;189.16;24.22;205.23;19.21;220.16;12.43;233.78;4.42;246.29;--;--;--;--;--;--;--;--;
2019-10-22;--;--;--;--;--;--;--;--;--;--;--;--;--;--;--;--;--;--;--;--;5.16;115.17;13.03;127.78;19.59;141.53;24.34;156.57;26.78;172.68;26.61;189.17;23.87;205.17;18.87;220.05;12.11;233.63;4.11;246.12;--;--;--;--;--;--;--;--;
2019-10-23;--;--;--;--;--;--;--;--;--;--;--;--;--;--;--;--;--;--;--;--;4.89;115.40;12.74;128.00;19.28;141.71;24.00;156.71;26.43;172.75;26.26;189.17;23.52;205.10;18.53;219.93;11.79;233.48;3.80;245.95;--;--;--;--;--;--;--;--;
2019-10-24;--;--;--;--;--;--;--;--;--;--;--;--;--;--;--;--;--;--;--;--;4.62;115.63;12.45;128.20;18.97;141.89;23.67;156.84;26.08;172.82;25.91;189.16;23.17;205.04;18.20;219.82;11.47;233.33;3.49;245.77;--;--;--;--;--;--;--;--;
2019-10-25;--;--;--;--;--;--;--;--;--;--;--;--;--;--;--;--;--;--;--;--;4.35;115.85;12.17;128.41;18.66;142.06;23.35;156.96;25.74;172.88;25.56;189.16;22.83;204.97;17.87;219.70;11.16;233.18;3.19;245.60;--;--;--;--;--;--;--;--;
2019-10-26;--;--;--;--;--;--;--;--;--;--;--;--;--;--;--;--;--;--;--;--;4.09;116.07;11.88;128.60;18.36;142.23;23.02;157.08;25.40;172.94;25.22;189.15;22.49;204.90;17.54;219.58;10.85;233.03;2.90;245.42;--;--;--;--;--;--;--;--;
2019-10-27;--;--;--;--;--;--;--;--;--;--;--;--;--;--;--;--;--;--;--;--;3.82;116.28;11.60;128.80;18.05;142.39;22.70;157.20;25.06;173.00;24.88;189.14;22.16;204.82;17.22;219.46;10.54;232.87;2.61;245.25;--;--;--;--;--;--;--;--;
2019-10-28;--;--;--;--;--;--;--;--;--;--;--;--;--;--;--;--;--;--;--;--;3.55;116.49;11.32;128.99;17.75;142.55;22.37;157.31;24.73;173.05;24.54;189.13;21.83;204.75;16.91;219.34;10.24;232.72;2.32;245.07;--;--;--;--;--;--;--;--;
2019-10-29;--;--;--;--;--;--;--;--;--;--;--;--;--;--;--;--;--;--;--;--;3.29;116.69;11.03;129.17;17.45;142.70;22.06;157.42;24.40;173.10;24.21;189.11;21.50;204.67;16.60;219.22;9.95;232.56;2.04;244.89;--;--;--;--;--;--;--;--;
2019-10-30;--;--;--;--;--;--;--;--;--;--;--;--;--;--;--;--;--;--;--;--;3.03;116.89;10.75;129.35;17.15;142.85;21.74;157.52;24.07;173.14;23.88;189.09;21.18;204.60;16.29;219.09;9.65;232.41;1.76;244.72;--;--;--;--;--;--;--;--;
2019-10-31;--;--;--;--;--;--;--;--;--;--;--;--;--;--;--;--;--;--;--;--;2.76;117.09;10.48;129.52;16.86;142.99;21.43;157.62;23.75;173.18;23.55;189.07;20.86;204.52;15.98;218.97;9.37;232.25;1.49;244.54;--;--;--;--;--;--;--;--;
2019-11-01;--;--;--;--;--;--;--;--;--;--;--;--;--;--;--;--;--;--;--;--;2.50;117.28;10.20;129.69;16.56;143.13;21.12;157.71;23.43;173.22;23.23;189.04;20.55;204.43;15.69;218.84;9.08;232.09;1.22;244.36;--;--;--;--;--;--;--;--;
2019-11-02;--;--;--;--;--;--;--;--;--;--;--;--;--;--;--;--;--;--;--;--;2.24;117.47;9.92;129.85;16.27;143.26;20.81;157.80;23.11;173.25;22.91;189.01;20.24;204.35;15.39;218.71;8.81;231.94;0.96;244.18;--;--;--;--;--;--;--;--;
2019-11-03;--;--;--;--;--;--;--;--;--;--;--;--;--;--;--;--;--;--;--;--;1.99;117.65;9.65;130.01;15.98;143.39;20.50;157.88;22.79;173.28;22.60;188.98;19.94;204.26;15.10;218.59;8.54;231.78;0.70;244.00;--;--;--;--;--;--;--;--;
2019-11-04;--;--;--;--;--;--;--;--;--;--;--;--;--;--;--;--;--;--;--;--;1.73;117.82;9.38;130.17;15.69;143.51;20.20;157.96;22.49;173.30;22.29;188.95;19.64;204.18;14.82;218.46;8.27;231.62;0.45;243.83;--;--;--;--;--;--;--;--;
2019-11-05;--;--;--;--;--;--;--;--;--;--;--;--;--;--;--;--;--;--;--;--;1.47;117.99;9.11;130.31;15.41;143.62;19.90;158.03;22.18;173.32;21.99;188.91;19.35;204.09;14.54;218.33;8.01;231.46;0.20;243.65;--;--;--;--;--;--;--;--;
2019-11-06;--;--;--;--;--;--;--;--;--;--;--;--;--;--;--;--;--;--;--;--;1.22;118.16;8.84;130.46;15.12;143.74;19.61;158.10;21.88;173.34;21.69;188.87;19.06;203.99;14.27;218.20;7.75;231.30;-0.04;243.47;--;--;--;--;--;--;--;--;
2019-11-07;--;--;--;--;--;--;--;--;--;--;--;--;--;--;--;--;--;--;--;--;0.97;118.32;8.58;130.60;14.84;143.84;19.32;158.17;21.58;173.35;21.39;188.82;18.77;203.90;14.00;218.06;7.50;231.14;-0.28;243.29;--;--;--;--;--;--;--;--;
2019-11-08;--;--;--;--;--;--;--;--;--;--;--;--;--;--;--;--;--;--;--;--;0.72;118.47;8.31;130.73;14.57;143.94;19.03;158.23;21.29;173.36;21.10;188.78;18.49;203.81;13.74;217.93;7.25;230.98;-0.51;243.11;--;--;--;--;--;--;--;--;
2019-11-09;--;--;--;--;--;--;--;--;--;--;--;--;--;--;--;--;--;--;--;--;0.47;118.62;8.05;130.86;14.29;144.04;18.74;158.28;21.00;173.36;20.82;188.73;18.22;203.71;13.48;217.80;7.01;230.82;-0.73;242.93;--;--;--;--;--;--;--;--;
2019-11-10;--;--;--;--;--;--;--;--;--;--;--;--;--;--;--;--;--;--;--;--;0.22;118.77;7.79;130.98;14.02;144.13;18.46;158.33;20.71;173.36;20.54;188.68;17.95;203.61;13.23;217.66;6.78;230.66;--;--;--;--;--;--;--;--;--;--;
2019-11-11;--;--;--;--;--;--;--;--;--;--;--;--;--;--;--;--;--;--;--;--;-0.02;118.90;7.54;131.09;13.75;144.22;18.19;158.38;20.43;173.36;20.26;188.62;17.69;203.51;12.98;217.53;6.55;230.50;--;--;--;--;--;--;--;--;--;--;
2019-11-12;--;--;--;--;--;--;--;--;--;--;--;--;--;--;--;--;--;--;--;--;-0.26;119.04;7.29;131.20;13.49;144.30;17.91;158.42;20.16;173.35;19.99;188.56;17.43;203.41;12.74;217.39;6.33;230.34;--;--;--;--;--;--;--;--;--;--;
2019-11-13;--;--;--;--;--;--;--;--;--;--;--;--;--;--;--;--;--;--;--;--;-0.50;119.16;7.03;131.31;13.23;144.37;17.64;158.45;19.89;173.34;19.73;188.50;17.18;203.30;12.51;217.25;6.11;230.18;--;--;--;--;--;--;--;--;--;--;
2019-11-14;--;--;--;--;--;--;--;--;--;--;--;--;--;--;--;--;--;--;--;--;-0.74;119.29;6.79;131.41;12.97;144.44;17.38;158.48;19.62;173.32;19.47;188.44;16.94;203.20;12.28;217.11;5.90;230.01;--;--;--;--;--;--;--;--;--;--;
2019-11-15;--;--;--;--;--;--;--;--;--;--;--;--;--;--;--;--;--;--;--;--;--;--;6.54;131.50;12.72;144.51;17.12;158.51;19.36;173.30;19.22;188.37;16.70;203.09;12.06;216.97;5.70;229.85;--;--;--;--;--;--;--;--;--;--;
2019-11-16;--;--;--;--;--;--;--;--;--;--;--;--;--;--;--;--;--;--;--;--;--;--;6.30;131.59;12.47;144.57;16.87;158.53;19.11;173.28;18.97;188.31;16.46;202.98;11.84;216.83;5.50;229.69;--;--;--;--;--;--;--;--;--;--;
2019-11-17;--;--;--;--;--;--;--;--;--;--;--;--;--;--;--;--;--;--;--;--;--;--;6.06;131.67;12.22;144.62;16.61;158.55;18.86;173.25;18.73;188.23;16.24;202.87;11.63;216.69;5.31;229.53;--;--;--;--;--;--;--;--;--;--;
2019-11-18;--;--;--;--;--;--;--;--;--;--;--;--;--;--;--;--;--;--;--;--;--;--;5.83;131.75;11.98;144.67;16.37;158.56;18.61;173.22;18.49;188.16;16.02;202.76;11.43;216.55;5.12;229.37;--;--;--;--;--;--;--;--;--;--;
2019-11-19;--;--;--;--;--;--;--;--;--;--;--;--;--;--;--;--;--;--;--;--;--;--;5.60;131.82;11.74;144.71;16.13;158.57;18.38;173.19;18.26;188.08;15.80;202.65;11.23;216.41;4.94;229.21;--;--;--;--;--;--;--;--;--;--;
2019-11-20;--;--;--;--;--;--;--;--;--;--;--;--;--;--;--;--;--;--;--;--;--;--;5.37;131.89;11.51;144.75;15.89;158.57;18.14;173.15;18.04;188.01;15.59;202.53;11.04;216.27;4.77;229.04;--;--;--;--;--;--;--;--;--;--;
2019-11-21;--;--;--;--;--;--;--;--;--;--;--;--;--;--;--;--;--;--;--;--;--;--;5.15;131.95;11.28;144.78;15.66;158.57;17.91;173.11;17.82;187.92;15.39;202.42;10.86;216.13;4.61;228.88;--;--;--;--;--;--;--;--;--;--;
2019-11-22;--;--;--;--;--;--;--;--;--;--;--;--;--;--;--;--;--;--;--;--;--;--;4.93;132.00;11.06;144.81;15.43;158.56;17.69;173.07;17.61;187.84;15.20;202.30;10.68;215.99;4.45;228.72;--;--;--;--;--;--;--;--;--;--;
2019-11-23;--;--;--;--;--;--;--;--;--;--;--;--;--;--;--;--;--;--;--;--;--;--;4.71;132.05;10.84;144.83;15.21;158.55;17.48;173.02;17.40;187.76;15.01;202.18;10.51;215.85;4.30;228.56;--;--;--;--;--;--;--;--;--;--;
2019-11-24;--;--;--;--;--;--;--;--;--;--;--;--;--;--;--;--;--;--;--;--;--;--;4.50;132.10;10.62;144.85;15.00;158.54;17.27;172.97;17.21;187.67;14.82;202.06;10.35;215.70;4.15;228.40;--;--;--;--;--;--;--;--;--;--;
2019-11-25;--;--;--;--;--;--;--;--;--;--;--;--;--;--;--;--;--;--;--;--;--;--;4.29;132.14;10.41;144.86;14.79;158.52;17.06;172.91;17.01;187.58;14.65;201.94;10.19;215.56;4.01;228.25;--;--;--;--;--;--;--;--;--;--;
2019-11-26;--;--;--;--;--;--;--;--;--;--;--;--;--;--;--;--;--;--;--;--;--;--;4.09;132.17;10.20;144.87;14.58;158.50;16.86;172.85;16.83;187.49;14.48;201.82;10.04;215.42;3.88;228.09;--;--;--;--;--;--;--;--;--;--;
2019-11-27;--;--;--;--;--;--;--;--;--;--;--;--;--;--;--;--;--;--;--;--;--;--;3.89;132.19;10.00;144.87;14.38;158.47;16.67;172.79;16.65;187.39;14.32;201.70;9.90;215.28;3.76;227.93;--;--;--;--;--;--;--;--;--;--;
2019-11-28;--;--;--;--;--;--;--;--;--;--;--;--;--;--;--;--;--;--;--;--;--;--;3.69;132.22;9.81;144.87;14.19;158.44;16.49;172.73;16.48;187.29;14.16;201.58;9.76;215.13;3.64;227.78;--;--;--;--;--;--;--;--;--;--;
2019-11-29;--;--;--;--;--;--;--;--;--;--;--;--;--;--;--;--;--;--;--;--;--;--;3.50;132.23;9.62;144.86;14.00;158.40;16.31;172.66;16.31;187.20;14.02;201.46;9.64;214.99;3.53;227.62;--;--;--;--;--;--;--;--;--;--;
2019-11-30;--;--;--;--;--;--;--;--;--;--;--;--;--;--;--;--;--;--;--;--;--;--;3.32;132.24;9.43;144.85;13.82;158.36;16.13;172.59;16.15;187.10;13.87;201.33;9.51;214.85;3.42;227.47;--;--;--;--;--;--;--;--;--;--;
2019-12-01;--;--;--;--;--;--;--;--;--;--;--;--;--;--;--;--;--;--;--;--;--;--;3.14;132.25;9.25;144.83;13.65;158.31;15.97;172.51;16.00;187.00;13.74;201.21;9.40;214.71;3.33;227.32;--;--;--;--;--;--;--;--;--;--;
2019-12-02;--;--;--;--;--;--;--;--;--;--;--;--;--;--;--;--;--;--;--;--;--;--;2.96;132.25;9.07;144.81;13.48;158.27;15.81;172.44;15.86;186.89;13.61;201.08;9.29;214.57;3.24;227.17;--;--;--;--;--;--;--;--;--;--;
2019-12-03;--;--;--;--;--;--;--;--;--;--;--;--;--;--;--;--;--;--;--;--;--;--;2.79;132.24;8.91;144.78;13.31;158.21;15.66;172.36;15.72;186.79;13.50;200.96;9.19;214.43;3.16;227.02;--;--;--;--;--;--;--;--;--;--;
2019-12-04;--;--;--;--;--;--;--;--;--;--;--;--;--;--;--;--;--;--;--;--;--;--;2.62;132.23;8.74;144.75;13.16;158.16;15.51;172.28;15.59;186.68;13.38;200.83;9.10;214.29;3.08;226.87;--;--;--;--;--;--;--;--;--;--;
2019-12-05;--;--;--;--;--;--;--;--;--;--;--;--;--;--;--;--;--;--;--;--;--;--;2.46;132.21;8.58;144.72;13.00;158.10;15.37;172.19;15.47;186.57;13.28;200.71;9.01;214.15;3.01;226.72;--;--;--;--;--;--;--;--;--;--;
2019-12-06;--;--;--;--;--;--;--;--;--;--;--;--;--;--;--;--;--;--;--;--;--;--;2.31;132.19;8.43;144.68;12.86;158.03;15.24;172.10;15.35;186.46;13.18;200.58;8.94;214.02;2.95;226.58;--;--;--;--;--;--;--;--;--;--;
2019-12-07;--;--;--;--;--;--;--;--;--;--;--;--;--;--;--;--;--;--;--;--;--;--;2.15;132.16;8.29;144.63;12.72;157.97;15.11;172.01;15.24;186.35;13.09;200.45;8.87;213.88;2.90;226.44;--;--;--;--;--;--;--;--;--;--;
2019-12-08;--;--;--;--;--;--;--;--;--;--;--;--;--;--;--;--;--;--;--;--;--;--;2.01;132.13;8.15;144.58;12.59;157.90;15.00;171.92;15.14;186.24;13.01;200.33;8.80;213.75;2.85;226.30;--;--;--;--;--;--;--;--;--;--;
2019-12-09;--;--;--;--;--;--;--;--;--;--;--;--;--;--;--;--;--;--;--;--;--;--;1.87;132.10;8.01;144.53;12.47;157.82;14.89;171.83;15.05;186.13;12.94;200.20;8.75;213.61;2.82;226.16;--;--;--;--;--;--;--;--;--;--;
2019-12-10;--;--;--;--;--;--;--;--;--;--;--;--;--;--;--;--;--;--;--;--;--;--;1.74;132.05;7.89;144.47;12.35;157.74;14.78;171.73;14.96;186.01;12.87;200.08;8.70;213.48;2.78;226.02;--;--;--;--;--;--;--;--;--;--;
2019-12-11;--;--;--;--;--;--;--;--;--;--;--;--;--;--;--;--;--;--;--;--;--;--;1.61;132.01;7.76;144.40;12.24;157.66;14.68;171.63;14.88;185.90;12.81;199.95;8.66;213.35;2.76;225.89;--;--;--;--;--;--;--;--;--;--;
2019-12-12;--;--;--;--;--;--;--;--;--;--;--;--;--;--;--;--;--;--;--;--;--;--;1.49;131.95;7.65;144.34;12.13;157.58;14.60;171.53;14.81;185.79;12.76;199.83;8.62;213.22;2.74;225.76;--;--;--;--;--;--;--;--;--;--;
2019-12-13;--;--;--;--;--;--;--;--;--;--;--;--;--;--;--;--;--;--;--;--;--;--;1.37;131.90;7.54;144.27;12.04;157.49;14.51;171.42;14.75;185.67;12.71;199.70;8.60;213.09;2.73;225.63;--;--;--;--;--;--;--;--;--;--;
2019-12-14;--;--;--;--;--;--;--;--;--;--;--;--;--;--;--;--;--;--;--;--;--;--;1.26;131.84;7.44;144.19;11.95;157.40;14.44;171.32;14.69;185.55;12.67;199.58;8.58;212.97;2.73;225.51;--;--;--;--;--;--;--;--;--;--;
2019-12-15;--;--;--;--;--;--;--;--;--;--;--;--;--;--;--;--;--;--;--;--;--;--;1.15;131.77;7.34;144.11;11.86;157.31;14.37;171.21;14.64;185.44;12.64;199.46;8.57;212.84;2.73;225.38;--;--;--;--;--;--;--;--;--;--;
2019-12-16;--;--;--;--;--;--;--;--;--;--;--;--;--;--;--;--;--;--;--;--;--;--;1.06;131.70;7.25;144.03;11.79;157.21;14.31;171.10;14.60;185.32;12.62;199.34;8.56;212.72;2.75;225.26;--;--;--;--;--;--;--;--;--;--;
2019-12-17;--;--;--;--;--;--;--;--;--;--;--;--;--;--;--;--;--;--;--;--;--;--;0.96;131.62;7.17;143.94;11.72;157.11;14.26;170.99;14.57;185.20;12.61;199.22;8.57;212.60;2.76;225.14;--;--;--;--;--;--;--;--;--;--;
2019-12-18;--;--;--;--;--;--;--;--;--;--;--;--;--;--;--;--;--;--;--;--;--;--;0.88;131.54;7.10;143.85;11.66;157.01;14.22;170.88;14.54;185.08;12.60;199.10;8.58;212.48;2.79;225.03;--;--;--;--;--;--;--;--;--;--;
2019-12-19;--;--;--;--;--;--;--;--;--;--;--;--;--;--;--;--;--;--;--;--;--;--;0.80;131.46;7.03;143.76;11.60;156.91;14.18;170.77;14.52;184.96;12.60;198.98;8.60;212.37;2.82;224.92;--;--;--;--;--;--;--;--;--;--;
2019-12-20;--;--;--;--;--;--;--;--;--;--;--;--;--;--;--;--;--;--;--;--;--;--;0.73;131.37;6.97;143.66;11.56;156.80;14.15;170.65;14.51;184.85;12.61;198.86;8.62;212.25;2.86;224.81;--;--;--;--;--;--;--;--;--;--;
2019-12-21;--;--;--;--;--;--;--;--;--;--;--;--;--;--;--;--;--;--;--;--;--;--;0.66;131.28;6.91;143.56;11.52;156.69;14.13;170.54;14.51;184.73;12.63;198.74;8.65;212.14;2.91;224.71;--;--;--;--;--;--;--;--;--;--;
2019-12-22;--;--;--;--;--;--;--;--;--;--;--;--;--;--;--;--;--;--;--;--;--;--;0.60;131.18;6.86;143.45;11.49;156.58;14.11;170.42;14.51;184.61;12.65;198.63;8.69;212.04;2.96;224.61;--;--;--;--;--;--;--;--;--;--;
2019-12-23;--;--;--;--;--;--;--;--;--;--;--;--;--;--;--;--;--;--;--;--;--;--;0.55;131.08;6.82;143.35;11.46;156.46;14.11;170.30;14.53;184.49;12.68;198.52;8.74;211.93;3.02;224.51;--;--;--;--;--;--;--;--;--;--;
2019-12-24;--;--;--;--;--;--;--;--;--;--;--;--;--;--;--;--;--;--;--;--;--;--;0.50;130.97;6.79;143.23;11.44;156.35;14.11;170.19;14.55;184.38;12.72;198.41;8.80;211.83;3.09;224.42;--;--;--;--;--;--;--;--;--;--;
2019-12-25;--;--;--;--;--;--;--;--;--;--;--;--;--;--;--;--;--;--;--;--;--;--;0.46;130.86;6.76;143.12;11.43;156.23;14.12;170.07;14.57;184.26;12.77;198.30;8.86;211.73;3.16;224.33;--;--;--;--;--;--;--;--;--;--;
2019-12-26;--;--;--;--;--;--;--;--;--;--;--;--;--;--;--;--;--;--;--;--;--;--;0.43;130.75;6.74;143.00;11.43;156.11;14.13;169.95;14.61;184.14;12.82;198.19;8.93;211.63;3.25;224.24;--;--;--;--;--;--;--;--;--;--;
2019-12-27;--;--;--;--;--;--;--;--;--;--;--;--;--;--;--;--;--;--;--;--;--;--;0.40;130.64;6.73;142.89;11.44;155.99;14.16;169.83;14.65;184.03;12.88;198.08;9.00;211.54;3.33;224.16;--;--;--;--;--;--;--;--;--;--;
2019-12-28;--;--;--;--;--;--;--;--;--;--;--;--;--;--;--;--;--;--;--;--;--;--;0.38;130.52;6.73;142.76;11.45;155.87;14.19;169.71;14.70;183.91;12.95;197.98;9.09;211.45;3.43;224.08;--;--;--;--;--;--;--;--;--;--;
2019-12-29;--;--;--;--;--;--;--;--;--;--;--;--;--;--;--;--;--;--;--;--;--;--;0.37;130.39;6.73;142.64;11.47;155.74;14.23;169.58;14.76;183.80;13.03;197.88;9.18;211.36;3.53;224.01;--;--;--;--;--;--;--;--;--;--;
2019-12-30;--;--;--;--;--;--;--;--;--;--;--;--;--;--;--;--;--;--;--;--;--;--;0.36;130.27;6.74;142.51;11.50;155.61;14.27;169.46;14.83;183.69;13.11;197.78;9.27;211.28;3.63;223.94;--;--;--;--;--;--;--;--;--;--;
2019-12-31;--;--;--;--;--;--;--;--;--;--;--;--;--;--;--;--;--;--;--;--;--;--;0.37;130.14;6.76;142.38;11.53;155.49;14.33;169.34;14.90;183.58;13.20;197.68;9.38;211.20;3.75;223.87;--;--;--;--;--;--;--;--;--;--;
2020-01-01;--;--;--;--;--;--;--;--;--;--;--;--;--;--;--;--;--;--;--;--;--;--;0.38;129.97;6.79;142.22;11.58;155.33;14.41;169.19;15.00;183.44;13.32;197.57;9.51;211.10;3.90;223.80;--;--;--;--;--;--;--;--;--;--;
