coo: 51.922896_4.463173;E 00:00:00;A 00:00:00;E 01:00:00;A 01:00:00;E 02:00:00;A 02:00:00;E 03:00:00;A 03:00:00;E 04:00:00;A 04:00:00;E 05:00:00;A 05:00:00;E 06:00:00;A 06:00:00;E 07:00:00;A 07:00:00;E 08:00:00;A 08:00:00;E 09:00:00;A 09:00:00;E 10:00:00;A 10:00:00;E 11:00:00;A 11:00:00;E 12:00:00;A 12:00:00;E 13:00:00;A 13:00:00;E 14:00:00;A 14:00:00;E 15:00:00;A 15:00:00;E 16:00:00;A 16:00:00;E 17:00:00;A 17:00:00;E 18:00:00;A 18:00:00;E 19:00:00;A 19:00:00;E 20:00:00;A 20:00:00;E 21:00:00;A 21:00:00;E 22:00:00;A 22:00:00;E 23:00:00;A 23:00:00;
2019-01-01;--;--;--;--;--;--;--;--;--;--;--;--;--;--;--;--;0.37;129.96;6.79;142.20;11.59;155.31;14.41;169.17;15.01;183.43;13.33;197.55;9.52;211.09;3.91;223.78;--;--;--;--;--;--;--;--;--;--;--;--;--;--;--;--;
2019-01-02;--;--;--;--;--;--;--;--;--;--;--;--;--;--;--;--;0.39;129.82;6.82;142.07;11.64;155.18;14.48;169.05;15.10;183.32;13.44;197.46;9.64;211.02;4.03;223.73;--;--;--;--;--;--;--;--;--;--;--;--;--;--;--;--;
2019-01-03;--;--;--;--;--;--;--;--;--;--;--;--;--;--;--;--;0.41;129.68;6.86;141.93;11.70;155.05;14.56;168.93;15.20;183.21;13.55;197.37;9.77;210.95;4.17;223.68;--;--;--;--;--;--;--;--;--;--;--;--;--;--;--;--;
2019-01-04;--;--;--;--;--;--;--;--;--;--;--;--;--;--;--;--;0.45;129.54;6.91;141.79;11.76;154.92;14.65;168.81;15.30;183.11;13.67;197.29;9.90;210.88;4.31;223.63;--;--;--;--;--;--;--;--;--;--;--;--;--;--;--;--;
2019-01-05;--;--;--;--;--;--;--;--;--;--;--;--;--;--;--;--;0.48;129.40;6.96;141.65;11.84;154.78;14.74;168.69;15.42;183.00;13.80;197.21;10.04;210.82;4.45;223.59;--;--;--;--;--;--;--;--;--;--;--;--;--;--;--;--;
2019-01-06;--;--;--;--;--;--;--;--;--;--;--;--;--;--;--;--;0.53;129.25;7.03;141.51;11.92;154.65;14.84;168.57;15.54;182.90;13.93;197.13;10.18;210.76;4.60;223.55;--;--;--;--;--;--;--;--;--;--;--;--;--;--;--;--;
2019-01-07;--;--;--;--;--;--;--;--;--;--;--;--;--;--;--;--;0.58;129.10;7.10;141.37;12.01;154.51;14.95;168.45;15.66;182.80;14.07;197.05;10.33;210.71;4.76;223.52;--;--;--;--;--;--;--;--;--;--;--;--;--;--;--;--;
2019-01-08;--;--;--;--;--;--;--;--;--;--;--;--;--;--;--;--;0.64;128.95;7.17;141.22;12.10;154.38;15.07;168.33;15.80;182.70;14.22;196.98;10.49;210.66;4.92;223.49;--;--;--;--;--;--;--;--;--;--;--;--;--;--;--;--;
2019-01-09;--;--;--;--;--;--;--;--;--;--;--;--;--;--;--;--;0.71;128.79;7.26;141.07;12.21;154.24;15.19;168.21;15.94;182.61;14.38;196.91;10.65;210.62;5.09;223.47;--;--;--;--;--;--;--;--;--;--;--;--;--;--;--;--;
2019-01-10;--;--;--;--;--;--;--;--;--;--;--;--;--;--;--;--;0.78;128.64;7.35;140.93;12.32;154.11;15.32;168.09;16.09;182.51;14.54;196.84;10.82;210.58;5.26;223.45;--;--;--;--;--;--;--;--;--;--;--;--;--;--;--;--;
2019-01-11;--;--;--;--;--;--;--;--;--;--;--;--;--;--;--;--;0.86;128.48;7.45;140.78;12.44;153.97;15.46;167.97;16.24;182.42;14.71;196.78;11.00;210.54;5.44;223.44;--;--;--;--;--;--;--;--;--;--;--;--;--;--;--;--;
2019-01-12;--;--;--;--;--;--;--;--;--;--;--;--;--;--;--;--;0.95;128.32;7.55;140.63;12.56;153.83;15.61;167.86;16.40;182.33;14.88;196.72;11.18;210.51;5.63;223.44;--;--;--;--;--;--;--;--;--;--;--;--;--;--;--;--;
2019-01-13;--;--;--;--;--;--;--;--;--;--;--;--;--;--;--;--;1.05;128.16;7.67;140.47;12.70;153.70;15.76;167.74;16.57;182.24;15.06;196.66;11.37;210.48;5.82;223.43;--;--;--;--;--;--;--;--;--;--;--;--;--;--;--;--;
2019-01-14;--;--;--;--;--;--;--;--;--;--;--;--;--;--;--;--;1.15;127.99;7.79;140.32;12.84;153.56;15.92;167.63;16.75;182.16;15.25;196.61;11.56;210.46;6.01;223.44;--;--;--;--;--;--;--;--;--;--;--;--;--;--;--;--;
2019-01-15;--;--;--;--;--;--;--;--;--;--;--;--;--;--;--;--;1.26;127.83;7.91;140.17;12.98;153.42;16.08;167.51;16.93;182.07;15.44;196.56;11.76;210.44;6.21;223.44;-0.81;235.56;--;--;--;--;--;--;--;--;--;--;--;--;--;--;
2019-01-16;--;--;--;--;--;--;--;--;--;--;--;--;--;--;--;--;1.37;127.66;8.05;140.01;13.14;153.29;16.26;167.40;17.12;181.99;15.64;196.51;11.96;210.43;6.41;223.46;-0.61;235.60;--;--;--;--;--;--;--;--;--;--;--;--;--;--;
2019-01-17;--;--;--;--;--;--;--;--;--;--;--;--;--;--;--;--;1.50;127.49;8.19;139.86;13.30;153.15;16.44;167.29;17.32;181.92;15.85;196.47;12.17;210.42;6.62;223.48;-0.40;235.64;--;--;--;--;--;--;--;--;--;--;--;--;--;--;
2019-01-18;--;--;--;--;--;--;--;--;--;--;--;--;--;--;--;--;1.63;127.32;8.34;139.70;13.47;153.02;16.62;167.18;17.52;181.84;16.06;196.43;12.39;210.41;6.84;223.50;-0.19;235.68;--;--;--;--;--;--;--;--;--;--;--;--;--;--;
2019-01-19;--;--;--;--;--;--;--;--;--;--;--;--;--;--;--;--;1.76;127.15;8.49;139.55;13.64;152.88;16.82;167.08;17.73;181.77;16.27;196.39;12.61;210.41;7.06;223.53;0.02;235.74;--;--;--;--;--;--;--;--;--;--;--;--;--;--;
2019-01-20;--;--;--;--;--;--;--;--;--;--;--;--;--;--;--;--;1.91;126.98;8.65;139.39;13.82;152.74;17.02;166.97;17.94;181.70;16.50;196.36;12.83;210.42;7.28;223.56;0.24;235.79;--;--;--;--;--;--;--;--;--;--;--;--;--;--;
2019-01-21;--;--;--;--;--;--;--;--;--;--;--;--;--;--;--;--;2.06;126.81;8.82;139.23;14.01;152.61;17.23;166.87;18.16;181.63;16.73;196.34;13.06;210.43;7.51;223.60;0.46;235.86;--;--;--;--;--;--;--;--;--;--;--;--;--;--;
2019-01-22;--;--;--;--;--;--;--;--;--;--;--;--;--;--;--;--;2.21;126.63;9.00;139.08;14.21;152.48;17.44;166.76;18.39;181.57;16.96;196.31;13.30;210.44;7.74;223.65;0.69;235.93;--;--;--;--;--;--;--;--;--;--;--;--;--;--;
2019-01-23;--;--;--;--;--;--;--;--;--;--;--;--;--;--;--;--;2.38;126.46;9.18;138.92;14.41;152.34;17.66;166.66;18.62;181.51;17.20;196.30;13.54;210.46;7.97;223.70;0.92;236.00;--;--;--;--;--;--;--;--;--;--;--;--;--;--;
2019-01-24;--;--;--;--;--;--;--;--;--;--;--;--;--;--;--;--;2.55;126.28;9.37;138.76;14.62;152.21;17.88;166.56;18.86;181.45;17.44;196.28;13.78;210.49;8.21;223.76;1.15;236.08;--;--;--;--;--;--;--;--;--;--;--;--;--;--;
2019-01-25;--;--;--;--;--;--;--;--;--;--;--;--;--;--;--;--;2.72;126.11;9.56;138.60;14.83;152.08;18.12;166.47;19.11;181.40;17.69;196.27;14.03;210.52;8.45;223.82;1.38;236.17;--;--;--;--;--;--;--;--;--;--;--;--;--;--;
2019-01-26;--;--;--;--;--;--;--;--;--;--;--;--;--;--;--;--;2.91;125.93;9.76;138.45;15.05;151.95;18.35;166.37;19.36;181.34;17.95;196.26;14.28;210.55;8.70;223.89;1.62;236.26;--;--;--;--;--;--;--;--;--;--;--;--;--;--;
2019-01-27;--;--;--;--;--;--;--;--;--;--;--;--;--;--;--;--;3.10;125.75;9.97;138.29;15.28;151.82;18.60;166.28;19.61;181.30;18.21;196.26;14.54;210.59;8.95;223.96;1.87;236.36;--;--;--;--;--;--;--;--;--;--;--;--;--;--;
2019-01-28;--;--;--;--;--;--;--;--;--;--;--;--;--;--;--;--;3.29;125.58;10.19;138.13;15.51;151.69;18.85;166.19;19.87;181.25;18.47;196.26;14.80;210.64;9.21;224.04;2.11;236.46;--;--;--;--;--;--;--;--;--;--;--;--;--;--;
2019-01-29;--;--;--;--;--;--;--;--;--;--;--;--;--;--;--;--;3.49;125.40;10.41;137.98;15.75;151.56;19.11;166.10;20.14;181.21;18.74;196.27;15.07;210.68;9.46;224.12;2.36;236.57;--;--;--;--;--;--;--;--;--;--;--;--;--;--;
2019-01-30;--;--;--;--;--;--;--;--;--;--;--;--;--;--;--;--;3.70;125.22;10.63;137.82;16.00;151.43;19.37;166.01;20.41;181.17;19.02;196.28;15.34;210.74;9.72;224.21;2.61;236.68;--;--;--;--;--;--;--;--;--;--;--;--;--;--;
2019-01-31;--;--;--;--;--;--;--;--;--;--;--;--;--;--;--;--;3.92;125.04;10.87;137.66;16.25;151.31;19.63;165.92;20.69;181.13;19.30;196.29;15.61;210.80;9.99;224.30;2.86;236.80;--;--;--;--;--;--;--;--;--;--;--;--;--;--;
2019-02-01;--;--;--;--;--;--;--;--;--;--;--;--;--;--;--;--;4.14;124.86;11.10;137.51;16.51;151.18;19.91;165.84;20.97;181.10;19.58;196.31;15.89;210.86;10.26;224.40;3.12;236.93;--;--;--;--;--;--;--;--;--;--;--;--;--;--;
2019-02-02;--;--;--;--;--;--;--;--;--;--;--;--;--;--;--;--;4.36;124.68;11.35;137.35;16.77;151.06;20.19;165.76;21.26;181.07;19.87;196.34;16.17;210.93;10.53;224.50;3.38;237.06;--;--;--;--;--;--;--;--;--;--;--;--;--;--;
2019-02-03;--;--;--;--;--;--;--;--;--;--;--;--;--;--;--;--;4.60;124.51;11.60;137.19;17.04;150.93;20.47;165.68;21.55;181.05;20.16;196.36;16.46;211.00;10.80;224.61;3.64;237.19;--;--;--;--;--;--;--;--;--;--;--;--;--;--;
2019-02-04;--;--;--;--;--;--;--;--;--;--;--;--;--;--;--;--;4.83;124.33;11.85;137.04;17.31;150.81;20.76;165.61;21.85;181.02;20.46;196.40;16.75;211.08;11.08;224.73;3.90;237.33;--;--;--;--;--;--;--;--;--;--;--;--;--;--;
2019-02-05;--;--;--;--;--;--;--;--;--;--;--;--;--;--;--;--;5.08;124.15;12.11;136.88;17.59;150.69;21.05;165.53;22.15;181.00;20.76;196.43;17.04;211.17;11.35;224.85;4.17;237.48;--;--;--;--;--;--;--;--;--;--;--;--;--;--;
2019-02-06;--;--;--;--;--;--;--;--;--;--;--;--;--;--;--;--;5.33;123.97;12.38;136.73;17.87;150.57;21.35;165.46;22.46;180.99;21.06;196.47;17.33;211.26;11.64;224.98;4.43;237.63;--;--;--;--;--;--;--;--;--;--;--;--;--;--;
2019-02-07;--;--;--;--;--;--;--;--;--;--;--;--;--;--;--;--;5.58;123.79;12.65;136.58;18.16;150.46;21.65;165.39;22.77;180.98;21.37;196.52;17.63;211.35;11.92;225.11;4.70;237.79;--;--;--;--;--;--;--;--;--;--;--;--;--;--;
2019-02-08;--;--;--;--;--;--;--;--;--;--;--;--;--;--;--;--;5.84;123.61;12.93;136.42;18.46;150.34;21.96;165.32;23.08;180.97;21.68;196.57;17.93;211.45;12.20;225.24;4.97;237.95;--;--;--;--;--;--;--;--;--;--;--;--;--;--;
2019-02-09;--;--;--;--;--;--;--;--;--;--;--;--;--;--;--;--;6.10;123.44;13.21;136.27;18.76;150.22;22.28;165.26;23.40;180.96;22.00;196.62;18.23;211.55;12.49;225.38;5.25;238.12;--;--;--;--;--;--;--;--;--;--;--;--;--;--;
2019-02-10;--;--;--;--;--;--;--;--;--;--;--;--;--;--;--;--;6.37;123.26;13.50;136.12;19.06;150.11;22.59;165.20;23.72;180.96;22.32;196.68;18.54;211.66;12.78;225.53;5.52;238.29;--;--;--;--;--;--;--;--;--;--;--;--;--;--;
2019-02-11;--;--;--;--;--;--;--;--;--;--;--;--;--;--;--;--;6.65;123.08;13.79;135.97;19.37;150.00;22.92;165.14;24.05;180.96;22.64;196.74;18.85;211.78;13.08;225.68;5.80;238.47;--;--;--;--;--;--;--;--;--;--;--;--;--;--;
2019-02-12;--;--;--;--;--;--;--;--;--;--;--;--;--;--;--;--;6.93;122.91;14.09;135.82;19.68;149.89;23.24;165.08;24.38;180.97;22.96;196.81;19.16;211.90;13.37;225.84;6.08;238.65;--;--;--;--;--;--;--;--;--;--;--;--;--;--;
2019-02-13;--;--;--;--;--;--;--;--;--;--;--;--;--;--;--;--;7.21;122.73;14.39;135.67;20.00;149.78;23.57;165.02;24.72;180.97;23.29;196.88;19.47;212.02;13.67;226.00;6.35;238.84;--;--;--;--;--;--;--;--;--;--;--;--;--;--;
2019-02-14;--;--;--;--;--;--;--;--;--;--;--;--;--;--;-0.78;110.48;7.50;122.55;14.69;135.52;20.32;149.67;23.91;164.97;25.05;180.99;23.62;196.96;19.79;212.15;13.96;226.16;6.63;239.03;--;--;--;--;--;--;--;--;--;--;--;--;--;--;
2019-02-15;--;--;--;--;--;--;--;--;--;--;--;--;--;--;-0.50;110.29;7.80;122.38;15.00;135.38;20.65;149.56;24.25;164.92;25.39;181.00;23.96;197.04;20.11;212.28;14.26;226.33;6.92;239.22;--;--;--;--;--;--;--;--;--;--;--;--;--;--;
2019-02-16;--;--;--;--;--;--;--;--;--;--;--;--;--;--;-0.21;110.10;8.09;122.20;15.32;135.23;20.98;149.46;24.59;164.87;25.74;181.02;24.29;197.12;20.43;212.42;14.57;226.51;7.20;239.42;--;--;--;--;--;--;--;--;--;--;--;--;--;--;
2019-02-17;--;--;--;--;--;--;--;--;--;--;--;--;--;--;0.08;109.90;8.40;122.03;15.64;135.08;21.32;149.35;24.93;164.83;26.09;181.04;24.63;197.21;20.75;212.56;14.87;226.69;7.48;239.63;--;--;--;--;--;--;--;--;--;--;--;--;--;--;
2019-02-18;--;--;--;--;--;--;--;--;--;--;--;--;--;--;0.37;109.71;8.70;121.85;15.96;134.94;21.66;149.25;25.28;164.78;26.44;181.07;24.98;197.30;21.08;212.71;15.17;226.88;7.77;239.84;-0.65;251.92;--;--;--;--;--;--;--;--;--;--;--;--;
2019-02-19;--;--;--;--;--;--;--;--;--;--;--;--;--;--;0.67;109.52;9.01;121.68;16.29;134.79;22.00;149.15;25.64;164.74;26.79;181.10;25.32;197.40;21.40;212.86;15.48;227.07;8.05;240.05;-0.38;252.15;--;--;--;--;--;--;--;--;--;--;--;--;
2019-02-20;--;--;--;--;--;--;--;--;--;--;--;--;--;--;0.97;109.32;9.33;121.51;16.62;134.65;22.34;149.05;25.99;164.70;27.15;181.13;25.67;197.50;21.73;213.02;15.78;227.26;8.34;240.27;-0.11;252.38;--;--;--;--;--;--;--;--;--;--;--;--;
2019-02-21;--;--;--;--;--;--;--;--;--;--;--;--;--;--;1.28;109.13;9.65;121.33;16.95;134.51;22.69;148.95;26.35;164.67;27.51;181.17;26.02;197.61;22.06;213.18;16.09;227.46;8.63;240.49;0.17;252.62;--;--;--;--;--;--;--;--;--;--;--;--;
2019-02-22;--;--;--;--;--;--;--;--;--;--;--;--;--;--;1.59;108.94;9.97;121.16;17.29;134.36;23.05;148.86;26.72;164.63;27.87;181.20;26.37;197.72;22.39;213.34;16.40;227.66;8.92;240.72;0.44;252.86;--;--;--;--;--;--;--;--;--;--;--;--;
2019-02-23;--;--;--;--;--;--;--;--;--;--;--;--;--;--;1.90;108.75;10.29;120.99;17.63;134.22;23.40;148.76;27.08;164.60;28.24;181.25;26.72;197.83;22.72;213.51;16.71;227.87;9.21;240.95;0.71;253.11;--;--;--;--;--;--;--;--;--;--;--;--;
2019-02-24;--;--;--;--;--;--;--;--;--;--;--;--;--;--;2.21;108.56;10.62;120.82;17.97;134.08;23.76;148.67;27.45;164.57;28.61;181.29;27.07;197.95;23.06;213.69;17.02;228.08;9.49;241.18;0.99;253.36;--;--;--;--;--;--;--;--;--;--;--;--;
2019-02-25;--;--;--;--;--;--;--;--;--;--;--;--;--;--;2.53;108.37;10.95;120.65;18.32;133.94;24.12;148.57;27.82;164.54;28.98;181.34;27.43;198.07;23.39;213.87;17.33;228.30;9.78;241.42;1.26;253.61;--;--;--;--;--;--;--;--;--;--;--;--;
2019-02-26;--;--;--;--;--;--;--;--;--;--;--;--;--;--;2.86;108.18;11.29;120.48;18.67;133.80;24.49;148.48;28.20;164.51;29.35;181.39;27.79;198.20;23.73;214.05;17.64;228.52;10.07;241.67;1.54;253.87;--;--;--;--;--;--;--;--;--;--;--;--;
2019-02-27;--;--;--;--;--;--;--;--;--;--;--;--;--;--;3.18;107.99;11.63;120.31;19.03;133.66;24.86;148.39;28.57;164.49;29.72;181.45;28.15;198.33;24.06;214.24;17.95;228.74;10.36;241.91;1.81;254.12;--;--;--;--;--;--;--;--;--;--;--;--;
2019-02-28;--;--;--;--;--;--;--;--;--;--;--;--;--;--;3.51;107.80;11.97;120.14;19.38;133.52;25.23;148.30;28.95;164.47;30.10;181.51;28.51;198.46;24.40;214.43;18.26;228.97;10.65;242.16;2.09;254.39;--;--;--;--;--;--;--;--;--;--;--;--;
2019-03-01;--;--;--;--;--;--;--;--;--;--;--;--;--;--;3.85;107.61;12.31;119.97;19.74;133.39;25.60;148.21;29.33;164.45;30.48;181.57;28.87;198.60;24.74;214.62;18.58;229.20;10.95;242.41;2.36;254.65;--;--;--;--;--;--;--;--;--;--;--;--;
2019-03-02;--;--;--;--;--;--;--;--;--;--;--;--;--;--;4.18;107.43;12.66;119.80;20.10;133.25;25.98;148.12;29.72;164.43;30.86;181.63;29.24;198.74;25.08;214.82;18.89;229.43;11.24;242.67;2.64;254.92;--;--;--;--;--;--;--;--;--;--;--;--;
2019-03-03;--;--;--;--;--;--;--;--;--;--;--;--;--;--;4.52;107.24;13.01;119.63;20.47;133.11;26.36;148.04;30.10;164.42;31.24;181.70;29.60;198.89;25.42;215.02;19.20;229.67;11.53;242.93;2.91;255.19;--;--;--;--;--;--;--;--;--;--;--;--;
2019-03-04;--;--;--;--;--;--;--;--;--;--;--;--;--;--;4.86;107.05;13.36;119.47;20.83;132.98;26.74;147.95;30.49;164.40;31.62;181.77;29.97;199.04;25.76;215.23;19.52;229.92;11.82;243.19;3.19;255.47;--;--;--;--;--;--;--;--;--;--;--;--;
2019-03-05;--;--;--;--;--;--;--;--;--;--;--;--;--;--;5.20;106.87;13.71;119.30;21.20;132.84;27.12;147.87;30.88;164.39;32.01;181.84;30.33;199.19;26.10;215.44;19.83;230.16;12.11;243.46;3.46;255.74;--;--;--;--;--;--;--;--;--;--;--;--;
2019-03-06;--;--;--;--;--;--;--;--;--;--;--;--;--;--;5.55;106.68;14.07;119.13;21.57;132.71;27.50;147.78;31.27;164.38;32.39;181.92;30.70;199.34;26.44;215.66;20.14;230.41;12.40;243.73;3.74;256.02;--;--;--;--;--;--;--;--;--;--;--;--;
2019-03-07;--;--;--;--;--;--;--;--;--;--;--;--;--;--;5.89;106.50;14.43;118.97;21.94;132.57;27.89;147.70;31.66;164.37;32.78;182.00;31.07;199.50;26.78;215.88;20.46;230.67;12.69;244.00;4.01;256.30;--;--;--;--;--;--;--;--;--;--;--;--;
2019-03-08;--;--;--;--;--;--;--;--;--;--;--;--;--;--;6.24;106.31;14.79;118.80;22.32;132.44;28.27;147.62;32.06;164.36;33.17;182.08;31.44;199.67;27.12;216.10;20.77;230.92;12.98;244.27;4.29;256.59;--;--;--;--;--;--;--;--;--;--;--;--;
2019-03-09;--;--;--;--;--;--;--;--;--;--;--;--;--;--;6.59;106.13;15.15;118.63;22.69;132.30;28.66;147.54;32.45;164.36;33.56;182.17;31.81;199.84;27.46;216.32;21.08;231.18;13.27;244.55;4.56;256.87;--;--;--;--;--;--;--;--;--;--;--;--;
2019-03-10;--;--;--;--;--;--;--;--;--;--;--;--;--;--;6.94;105.95;15.51;118.47;23.07;132.17;29.05;147.45;32.85;164.35;33.95;182.25;32.18;200.01;27.80;216.55;21.39;231.44;13.56;244.83;4.84;257.16;--;--;--;--;--;--;--;--;--;--;--;--;
2019-03-11;--;--;--;--;--;--;--;--;--;--;--;--;--;--;7.30;105.76;15.88;118.30;23.45;132.03;29.44;147.37;33.25;164.35;34.34;182.34;32.54;200.18;28.14;216.78;21.71;231.71;13.85;245.11;5.11;257.45;--;--;--;--;--;--;--;--;--;--;--;--;
2019-03-12;--;--;--;--;--;--;--;--;--;--;--;--;--;--;7.65;105.58;16.24;118.14;23.83;131.90;29.84;147.30;33.65;164.35;34.73;182.44;32.91;200.36;28.49;217.02;22.02;231.98;14.14;245.39;5.38;257.74;--;--;--;--;--;--;--;--;--;--;--;--;
2019-03-13;--;--;--;--;--;--;--;--;--;--;--;--;--;--;8.01;105.40;16.61;117.97;24.21;131.77;30.23;147.22;34.05;164.35;35.12;182.53;33.28;200.54;28.83;217.26;22.33;232.25;14.42;245.68;5.66;258.03;--;--;--;--;--;--;--;--;--;--;--;--;
2019-03-14;--;--;--;--;--;--;--;--;--;--;--;--;-0.76;93.29;8.37;105.22;16.98;117.81;24.59;131.63;30.63;147.14;34.45;164.35;35.51;182.63;33.65;200.72;29.17;217.50;22.64;232.52;14.71;245.97;5.93;258.33;--;--;--;--;--;--;--;--;--;--;--;--;
2019-03-15;--;--;--;--;--;--;--;--;--;--;--;--;-0.41;93.10;8.72;105.04;17.34;117.64;24.97;131.50;31.02;147.06;34.85;164.36;35.91;182.73;34.02;200.90;29.51;217.74;22.95;232.80;15.00;246.26;6.20;258.62;--;--;--;--;--;--;--;--;--;--;--;--;
2019-03-16;--;--;--;--;--;--;--;--;--;--;--;--;-0.06;92.92;9.08;104.86;17.71;117.48;25.35;131.37;31.42;146.98;35.25;164.36;36.30;182.83;34.39;201.09;29.84;217.99;23.26;233.08;15.28;246.55;6.47;258.92;--;--;--;--;--;--;--;--;--;--;--;--;
2019-03-17;--;--;--;--;--;--;--;--;--;--;--;--;0.30;92.73;9.44;104.67;18.08;117.31;25.74;131.24;31.81;146.90;35.65;164.37;36.69;182.93;34.76;201.28;30.18;218.24;23.57;233.36;15.57;246.84;6.75;259.22;--;--;--;--;--;--;--;--;--;--;--;--;
2019-03-18;--;--;--;--;--;--;--;--;--;--;--;--;0.66;92.54;9.80;104.49;18.45;117.15;26.12;131.10;32.21;146.83;36.05;164.37;37.08;183.04;35.13;201.48;30.52;218.49;23.87;233.64;15.85;247.14;7.02;259.52;--;--;--;--;--;--;--;--;--;--;--;--;
2019-03-19;--;--;--;--;--;--;--;--;--;--;--;--;1.01;92.36;10.16;104.31;18.82;116.98;26.50;130.97;32.61;146.75;36.45;164.38;37.48;183.15;35.50;201.68;30.86;218.75;24.18;233.92;16.14;247.43;7.29;259.82;--;--;--;--;--;--;--;--;--;--;--;--;
2019-03-20;--;--;--;--;--;--;--;--;--;--;--;--;1.37;92.17;10.52;104.13;19.19;116.82;26.89;130.84;33.00;146.67;36.86;164.39;37.87;183.26;35.87;201.87;31.19;219.01;24.49;234.21;16.42;247.73;7.56;260.12;--;--;--;--;--;--;--;--;--;--;--;--;
2019-03-21;--;--;--;--;--;--;--;--;--;--;--;--;1.72;91.98;10.89;103.95;19.56;116.65;27.27;130.70;33.40;146.60;37.26;164.40;38.26;183.37;36.24;202.08;31.53;219.27;24.79;234.50;16.70;248.03;7.82;260.42;--;--;--;--;--;--;--;--;--;--;--;--;
2019-03-22;--;--;--;--;--;--;--;--;--;--;--;--;2.08;91.80;11.25;103.77;19.93;116.49;27.65;130.57;33.80;146.52;37.66;164.41;38.65;183.48;36.60;202.28;31.86;219.53;25.10;234.79;16.98;248.33;8.09;260.72;--;--;--;--;--;--;--;--;--;--;--;--;
2019-03-23;--;--;--;--;--;--;--;--;--;--;--;--;2.44;91.61;11.61;103.59;20.30;116.32;28.04;130.43;34.19;146.44;38.06;164.42;39.05;183.60;36.97;202.49;32.20;219.79;25.40;235.08;17.26;248.63;8.36;261.03;--;--;--;--;--;--;--;--;--;--;--;--;
2019-03-24;--;--;--;--;--;--;--;--;--;--;--;--;2.80;91.43;11.97;103.41;20.67;116.15;28.42;130.30;34.59;146.36;38.46;164.43;39.44;183.71;37.33;202.70;32.53;220.06;25.70;235.37;17.54;248.93;8.63;261.33;-0.59;273.21;--;--;--;--;--;--;--;--;--;--;
2019-03-25;--;--;--;--;--;--;--;--;--;--;--;--;3.15;91.25;12.33;103.23;21.04;115.99;28.80;130.16;34.98;146.29;38.86;164.44;39.83;183.83;37.70;202.91;32.86;220.33;26.00;235.67;17.82;249.24;8.89;261.63;-0.32;273.51;--;--;--;--;--;--;--;--;--;--;
2019-03-26;--;--;--;--;--;--;--;--;--;--;--;--;3.51;91.06;12.69;103.05;21.41;115.82;29.19;130.03;35.38;146.21;39.26;164.46;40.22;183.95;38.06;203.12;33.19;220.60;26.30;235.96;18.10;249.54;9.16;261.94;-0.06;273.81;--;--;--;--;--;--;--;--;--;--;
2019-03-27;--;--;--;--;--;--;--;--;--;--;--;--;3.86;90.88;13.05;102.87;21.78;115.65;29.57;129.89;35.77;146.13;39.66;164.47;40.60;184.07;38.42;203.33;33.52;220.87;26.60;236.26;18.37;249.84;9.42;262.24;0.20;274.11;--;--;--;--;--;--;--;--;--;--;
2019-03-28;--;--;--;--;--;--;--;--;--;--;--;--;4.22;90.70;13.40;102.69;22.15;115.49;29.95;129.75;36.17;146.05;40.06;164.48;40.99;184.20;38.78;203.55;33.84;221.14;26.89;236.56;18.65;250.15;9.68;262.54;0.46;274.41;--;--;--;--;--;--;--;--;--;--;
2019-03-29;--;--;--;--;--;--;--;--;--;--;--;--;4.57;90.52;13.76;102.51;22.51;115.32;30.33;129.61;36.56;145.97;40.46;164.49;41.38;184.32;39.14;203.77;34.17;221.42;27.19;236.86;18.92;250.45;9.95;262.85;0.72;274.71;--;--;--;--;--;--;--;--;--;--;
2019-03-30;--;--;--;--;--;--;--;--;--;--;--;--;4.92;90.33;14.12;102.33;22.88;115.15;30.70;129.48;36.95;145.89;40.85;164.51;41.76;184.44;39.50;203.99;34.49;221.69;27.48;237.16;19.19;250.75;10.21;263.15;0.98;275.01;--;--;--;--;--;--;--;--;--;--;
2019-03-31;--;--;--;--;--;--;--;--;--;--;--;--;5.27;90.15;14.47;102.15;23.24;114.98;31.08;129.34;37.34;145.81;41.25;164.52;42.15;184.57;39.86;204.21;34.82;221.97;27.77;237.45;19.46;251.06;10.47;263.45;1.24;275.31;--;--;--;--;--;--;--;--;--;--;
2019-04-01;--;--;--;--;--;--;--;--;--;--;--;--;5.62;89.97;14.82;101.97;23.60;114.81;31.46;129.20;37.73;145.73;41.64;164.53;42.53;184.70;40.21;204.43;35.14;222.25;28.07;237.75;19.73;251.36;10.73;263.75;1.50;275.60;--;--;--;--;--;--;--;--;--;--;
2019-04-02;--;--;--;--;--;--;--;--;--;--;--;--;5.97;89.79;15.18;101.79;23.96;114.64;31.83;129.05;38.12;145.65;42.03;164.54;42.91;184.82;40.57;204.66;35.46;222.53;28.35;238.06;20.00;251.67;10.98;264.05;1.76;275.90;--;--;--;--;--;--;--;--;--;--;
2019-04-03;--;--;--;--;--;--;--;--;--;--;--;--;6.32;89.61;15.53;101.61;24.32;114.47;32.20;128.91;38.50;145.56;42.43;164.56;43.29;184.95;40.92;204.88;35.77;222.81;28.64;238.36;20.27;251.97;11.24;264.35;2.02;276.19;--;--;--;--;--;--;--;--;--;--;
2019-04-04;--;--;--;--;--;--;--;--;--;--;--;--;6.67;89.43;15.87;101.43;24.68;114.30;32.57;128.77;38.88;145.48;42.81;164.57;43.67;185.08;41.27;205.11;36.09;223.09;28.93;238.66;20.54;252.27;11.50;264.65;2.27;276.48;--;--;--;--;--;--;--;--;--;--;
2019-04-05;--;--;--;--;--;--;--;--;--;--;--;--;7.01;89.24;16.22;101.24;25.03;114.13;32.94;128.63;39.27;145.39;43.20;164.58;44.04;185.21;41.62;205.33;36.40;223.37;29.21;238.96;20.80;252.57;11.75;264.95;2.53;276.78;--;--;--;--;--;--;--;--;--;--;
2019-04-06;--;--;--;--;--;--;--;--;--;--;--;--;7.35;89.06;16.56;101.06;25.39;113.96;33.31;128.48;39.65;145.31;43.59;164.59;44.42;185.34;41.96;205.56;36.72;223.65;29.50;239.26;21.06;252.88;12.01;265.24;2.78;277.06;--;--;--;--;--;--;--;--;--;--;
2019-04-07;--;--;--;--;--;--;--;--;--;--;--;--;7.69;88.88;16.91;100.88;25.74;113.78;33.67;128.33;40.02;145.22;43.97;164.60;44.79;185.47;42.31;205.79;37.03;223.93;29.78;239.56;21.32;253.18;12.26;265.54;3.04;277.35;--;--;--;--;--;--;--;--;--;--;
2019-04-08;--;--;--;--;--;--;--;--;--;--;--;--;8.03;88.70;17.25;100.70;26.09;113.61;34.03;128.19;40.40;145.13;44.35;164.61;45.16;185.60;42.65;206.02;37.33;224.21;30.06;239.86;21.58;253.48;12.51;265.83;3.29;277.64;--;--;--;--;--;--;--;--;--;--;
2019-04-09;--;--;--;--;--;--;--;--;--;--;-0.81;76.77;8.36;88.52;17.58;100.52;26.43;113.43;34.39;128.04;40.77;145.04;44.73;164.62;45.53;185.73;42.99;206.24;37.64;224.50;30.33;240.15;21.84;253.77;12.76;266.12;3.54;277.92;--;--;--;--;--;--;--;--;--;--;
2019-04-10;--;--;--;--;--;--;--;--;--;--;-0.47;76.60;8.70;88.34;17.92;100.33;26.77;113.26;34.75;127.89;41.14;144.94;45.11;164.62;45.89;185.86;43.33;206.47;37.94;224.78;30.61;240.45;22.10;254.07;13.01;266.41;3.79;278.20;--;--;--;--;--;--;--;--;--;--;
2019-04-11;--;--;--;--;--;--;--;--;--;--;-0.14;76.43;9.03;88.16;18.25;100.15;27.11;113.08;35.10;127.74;41.51;144.85;45.48;164.63;46.26;185.98;43.66;206.70;38.25;225.06;30.88;240.75;22.35;254.37;13.26;266.70;4.04;278.48;--;--;--;--;--;--;--;--;--;--;
2019-04-12;--;--;--;--;--;--;--;--;--;--;0.19;76.26;9.35;87.98;18.58;99.97;27.45;112.91;35.45;127.58;41.88;144.75;45.85;164.63;46.62;186.11;43.99;206.93;38.55;225.34;31.15;241.05;22.61;254.66;13.50;266.99;4.29;278.76;--;--;--;--;--;--;--;--;--;--;
2019-04-13;--;--;--;--;--;--;--;--;--;--;0.52;76.09;9.68;87.80;18.91;99.78;27.79;112.73;35.80;127.43;42.24;144.66;46.22;164.64;46.98;186.24;44.33;207.16;38.84;225.62;31.42;241.34;22.86;254.95;13.75;267.27;4.54;279.03;--;--;--;--;--;--;--;--;--;--;
2019-04-14;--;--;--;--;--;--;--;--;--;--;0.85;75.92;10.00;87.62;19.23;99.60;28.12;112.55;36.14;127.27;42.60;144.56;46.59;164.64;47.33;186.37;44.65;207.39;39.14;225.90;31.69;241.63;23.11;255.24;13.99;267.55;4.78;279.30;--;--;--;--;--;--;--;--;--;--;
2019-04-15;--;--;--;--;--;--;--;--;--;--;1.17;75.75;10.32;87.44;19.55;99.42;28.45;112.37;36.49;127.12;42.95;144.46;46.96;164.64;47.69;186.49;44.98;207.61;39.43;226.18;31.96;241.92;23.36;255.53;14.23;267.83;5.03;279.57;--;--;--;--;--;--;--;--;--;--;
2019-04-16;--;--;--;--;--;--;--;--;--;--;1.49;75.58;10.63;87.26;19.87;99.23;28.77;112.19;36.82;126.96;43.31;144.36;47.32;164.64;48.04;186.62;45.30;207.84;39.72;226.45;32.22;242.21;23.61;255.82;14.47;268.11;5.27;279.84;--;--;--;--;--;--;--;--;--;--;
2019-04-17;--;--;--;--;--;--;--;--;--;--;1.81;75.41;10.95;87.08;20.18;99.05;29.09;112.01;37.16;126.80;43.66;144.25;47.67;164.63;48.39;186.74;45.62;208.07;40.01;226.73;32.48;242.50;23.85;256.10;14.71;268.38;5.51;280.10;--;--;--;--;--;--;--;--;--;--;
2019-04-18;--;--;--;--;--;--;--;--;--;--;2.12;75.24;11.26;86.90;20.49;98.86;29.41;111.83;37.49;126.64;44.00;144.14;48.03;164.63;48.73;186.87;45.94;208.29;40.30;227.00;32.74;242.79;24.10;256.38;14.95;268.65;5.75;280.37;--;--;--;--;--;--;--;--;--;--;
2019-04-19;--;--;--;--;--;--;--;--;--;--;2.43;75.08;11.56;86.72;20.80;98.68;29.73;111.64;37.82;126.48;44.35;144.04;48.38;164.62;49.08;186.99;46.26;208.52;40.58;227.28;33.00;243.07;24.34;256.66;15.19;268.92;5.99;280.62;--;--;--;--;--;--;--;--;--;--;
2019-04-20;--;--;--;--;--;--;--;--;--;--;2.74;74.91;11.86;86.54;21.10;98.49;30.04;111.46;38.14;126.31;44.69;143.93;48.73;164.61;49.41;187.11;46.57;208.74;40.86;227.55;33.26;243.36;24.58;256.94;15.42;269.19;6.23;280.88;--;--;--;--;--;--;--;--;--;--;
2019-04-21;--;--;--;--;--;--;--;--;--;--;3.04;74.74;12.16;86.36;21.40;98.30;30.34;111.28;38.46;126.15;45.02;143.81;49.07;164.60;49.75;187.23;46.88;208.96;41.14;227.82;33.51;243.64;24.82;257.21;15.65;269.45;6.47;281.13;--;--;--;--;--;--;--;--;--;--;
2019-04-22;--;--;--;--;--;--;--;--;--;--;3.34;74.57;12.46;86.19;21.70;98.12;30.65;111.09;38.78;125.98;45.35;143.70;49.42;164.59;50.08;187.35;47.19;209.18;41.41;228.08;33.76;243.91;25.05;257.48;15.88;269.71;6.70;281.38;--;--;--;--;--;--;--;--;--;--;
2019-04-23;--;--;--;--;--;--;--;--;--;--;3.63;74.41;12.75;86.01;21.99;97.93;30.94;110.90;39.09;125.81;45.68;143.58;49.75;164.57;50.41;187.46;47.49;209.40;41.69;228.35;34.01;244.19;25.29;257.75;16.11;269.97;6.94;281.62;--;--;--;--;--;--;--;--;--;--;
2019-04-24;--;--;--;--;--;--;--;--;--;--;3.92;74.24;13.03;85.83;22.27;97.75;31.24;110.72;39.40;125.64;46.01;143.46;50.09;164.56;50.74;187.58;47.79;209.62;41.96;228.61;34.26;244.46;25.52;258.02;16.34;270.22;7.17;281.86;--;--;--;--;--;--;--;--;--;--;
2019-04-25;--;--;--;--;--;--;--;--;--;--;4.21;74.07;13.31;85.65;22.56;97.56;31.53;110.53;39.70;125.47;46.33;143.34;50.42;164.54;51.06;187.69;48.09;209.83;42.23;228.87;34.50;244.73;25.75;258.28;16.57;270.47;7.40;282.10;--;--;--;--;--;--;--;--;--;--;
2019-04-26;--;--;--;--;--;--;--;--;--;--;4.49;73.91;13.59;85.47;22.84;97.37;31.81;110.34;40.00;125.30;46.64;143.22;50.74;164.51;51.38;187.80;48.38;210.04;42.49;229.13;34.74;245.00;25.98;258.54;16.79;270.72;7.63;282.33;--;--;--;--;--;--;--;--;--;--;
2019-04-27;--;--;--;--;--;--;--;--;--;--;4.77;73.74;13.87;85.29;23.11;97.19;32.10;110.16;40.29;125.12;46.95;143.09;51.07;164.49;51.70;187.90;48.67;210.25;42.75;229.39;34.98;245.26;26.20;258.79;17.02;270.96;7.85;282.56;--;--;--;--;--;--;--;--;--;--;
2019-04-28;--;--;--;--;--;--;--;--;--;--;5.05;73.58;14.14;85.12;23.38;97.00;32.37;109.97;40.58;124.95;47.26;142.96;51.39;164.46;52.01;188.01;48.96;210.46;43.01;229.64;35.22;245.52;26.43;259.04;17.24;271.20;8.08;282.79;-0.66;294.44;--;--;--;--;--;--;--;--;
2019-04-29;--;--;--;--;--;--;--;--;--;--;5.32;73.41;14.40;84.94;23.64;96.81;32.64;109.78;40.87;124.77;47.56;142.83;51.70;164.43;52.32;188.11;49.25;210.66;43.27;229.89;35.45;245.77;26.65;259.29;17.45;271.44;8.30;283.01;-0.43;294.65;--;--;--;--;--;--;--;--;
2019-04-30;--;--;--;--;--;--;--;--;--;--;5.58;73.25;14.66;84.76;23.90;96.63;32.91;109.59;41.15;124.59;47.86;142.70;52.01;164.40;52.62;188.21;49.53;210.86;43.52;230.13;35.68;246.03;26.87;259.53;17.67;271.67;8.52;283.23;-0.20;294.85;--;--;--;--;--;--;--;--;
2019-05-01;--;--;--;--;--;--;--;--;--;--;5.84;73.09;14.92;84.59;24.16;96.44;33.17;109.40;41.43;124.41;48.15;142.57;52.32;164.36;52.92;188.30;49.80;211.06;43.77;230.38;35.91;246.28;27.09;259.77;17.89;271.90;8.74;283.45;0.03;295.05;--;--;--;--;--;--;--;--;
2019-05-02;--;--;--;--;--;--;--;--;--;--;6.10;72.93;15.17;84.41;24.41;96.26;33.43;109.21;41.70;124.23;48.44;142.43;52.62;164.32;53.22;188.40;50.08;211.26;44.02;230.62;36.14;246.52;27.30;260.01;18.10;272.12;8.96;283.66;0.26;295.25;--;--;--;--;--;--;--;--;
2019-05-03;--;--;--;--;--;--;--;--;--;--;6.35;72.76;15.41;84.24;24.66;96.07;33.68;109.02;41.96;124.05;48.73;142.29;52.91;164.28;53.51;188.49;50.35;211.45;44.26;230.85;36.36;246.76;27.52;260.24;18.31;272.34;9.18;283.86;0.49;295.44;--;--;--;--;--;--;--;--;
2019-05-04;--;--;--;--;--;--;--;--;--;--;6.60;72.60;15.65;84.06;24.90;95.89;33.93;108.83;42.22;123.87;49.00;142.15;53.20;164.23;53.80;188.57;50.62;211.64;44.50;231.08;36.59;247.00;27.73;260.47;18.52;272.55;9.39;284.06;0.71;295.63;--;--;--;--;--;--;--;--;
2019-05-05;--;--;--;--;--;--;--;--;--;--;6.84;72.44;15.89;83.89;25.13;95.70;34.17;108.64;42.48;123.69;49.28;142.01;53.49;164.18;54.08;188.66;50.88;211.82;44.74;231.31;36.80;247.23;27.94;260.70;18.72;272.77;9.60;284.26;0.93;295.81;--;--;--;--;--;--;--;--;
2019-05-06;--;--;--;--;--;--;--;--;--;--;7.08;72.28;16.12;83.71;25.37;95.52;34.41;108.45;42.73;123.50;49.54;141.86;53.77;164.13;54.36;188.74;51.14;212.00;44.98;231.53;37.02;247.46;28.14;260.91;18.93;272.97;9.81;284.45;1.15;295.99;--;--;--;--;--;--;--;--;
2019-05-07;--;--;--;--;--;--;--;--;--;--;7.31;72.12;16.35;83.54;25.59;95.33;34.64;108.26;42.97;123.32;49.81;141.71;54.05;164.08;54.64;188.81;51.39;212.18;45.21;231.75;37.23;247.68;28.35;261.13;19.13;273.17;10.02;284.64;1.37;296.16;--;--;--;--;--;--;--;--;
2019-05-08;--;--;--;--;--;--;--;--;--;--;7.54;71.97;16.57;83.37;25.81;95.15;34.87;108.07;43.21;123.13;50.06;141.57;54.32;164.02;54.91;188.88;51.65;212.35;45.44;231.97;37.44;247.90;28.55;261.34;19.33;273.37;10.22;284.83;1.58;296.33;--;--;--;--;--;--;--;--;
2019-05-09;--;--;--;--;--;--;--;--;-0.69;60.21;7.76;71.81;16.78;83.20;26.03;94.97;35.09;107.88;43.44;122.95;50.32;141.41;54.59;163.96;55.18;188.95;51.89;212.52;45.66;232.18;37.65;248.12;28.75;261.55;19.53;273.56;10.42;285.01;1.79;296.49;--;--;--;--;--;--;--;--;
2019-05-10;--;--;--;--;--;--;--;--;-0.47;60.07;7.97;71.65;16.99;83.03;26.24;94.79;35.30;107.69;43.67;122.76;50.56;141.26;54.85;163.89;55.44;189.02;52.14;212.69;45.88;232.38;37.86;248.33;28.94;261.75;19.72;273.75;10.62;285.18;2.00;296.65;--;--;--;--;--;--;--;--;
2019-05-11;--;--;--;--;--;--;--;--;-0.24;59.93;8.19;71.50;17.20;82.86;26.44;94.61;35.51;107.50;43.89;122.57;50.80;141.11;55.11;163.82;55.70;189.08;52.38;212.85;46.10;232.58;38.06;248.53;29.14;261.94;19.91;273.93;10.82;285.35;2.21;296.81;--;--;--;--;--;--;--;--;
2019-05-12;--;--;--;--;--;--;--;--;-0.03;59.80;8.39;71.34;17.40;82.69;26.64;94.43;35.72;107.31;44.11;122.39;51.04;140.95;55.36;163.75;55.95;189.13;52.61;213.00;46.32;232.78;38.26;248.73;29.33;262.13;20.10;274.11;11.01;285.51;2.41;296.96;--;--;--;--;--;--;--;--;
2019-05-13;--;--;--;--;--;--;--;--;0.18;59.66;8.59;71.19;17.59;82.53;26.83;94.25;35.91;107.12;44.32;122.20;51.27;140.79;55.61;163.68;56.20;189.19;52.85;213.15;46.53;232.97;38.45;248.93;29.51;262.32;20.29;274.29;11.20;285.67;2.61;297.11;--;--;--;--;--;--;--;--;
2019-05-14;--;--;--;--;--;--;--;--;0.39;59.52;8.78;71.04;17.78;82.36;27.02;94.07;36.11;106.93;44.53;122.01;51.49;140.63;55.85;163.60;56.44;189.23;53.07;213.30;46.74;233.15;38.65;249.12;29.70;262.50;20.48;274.45;11.39;285.83;2.81;297.25;--;--;--;--;--;--;--;--;
2019-05-15;--;--;--;--;--;--;--;--;0.58;59.39;8.97;70.89;17.96;82.20;27.20;93.90;36.29;106.75;44.73;121.83;51.71;140.47;56.08;163.52;56.68;189.28;53.30;213.44;46.94;233.33;38.84;249.30;29.88;262.67;20.66;274.62;11.58;285.98;3.00;297.38;--;--;--;--;--;--;--;--;
2019-05-16;--;--;--;--;--;--;--;--;0.78;59.25;9.16;70.74;18.14;82.04;27.38;93.72;36.47;106.56;44.92;121.64;51.92;140.31;56.31;163.43;56.91;189.31;53.52;213.57;47.14;233.51;39.02;249.48;30.06;262.84;20.84;274.78;11.76;286.13;3.20;297.51;--;--;--;--;--;--;--;--;
2019-05-17;--;--;--;--;--;--;--;--;0.96;59.12;9.33;70.59;18.31;81.88;27.55;93.55;36.65;106.38;45.11;121.45;52.12;140.14;56.53;163.35;57.14;189.35;53.73;213.70;47.34;233.68;39.21;249.65;30.24;263.01;21.01;274.93;11.94;286.27;3.38;297.64;--;--;--;--;--;--;--;--;
2019-05-18;--;--;--;--;--;--;--;--;1.15;58.99;9.51;70.45;18.48;81.72;27.71;93.38;36.82;106.20;45.29;121.27;52.32;139.98;56.75;163.26;57.36;189.38;53.94;213.83;47.53;233.84;39.39;249.82;30.41;263.17;21.19;275.08;12.12;286.40;3.57;297.76;--;--;--;--;--;--;--;--;
2019-05-19;--;--;--;--;--;--;--;--;1.32;58.86;9.67;70.30;18.64;81.56;27.87;93.21;36.98;106.02;45.46;121.08;52.51;139.82;56.96;163.16;57.57;189.40;54.15;213.95;47.72;234.00;39.56;249.98;30.58;263.32;21.36;275.22;12.30;286.53;3.75;297.88;--;--;--;--;--;--;--;--;
2019-05-20;--;--;--;--;--;--;--;--;1.49;58.73;9.83;70.16;18.79;81.41;28.02;93.04;37.14;105.84;45.63;120.90;52.70;139.65;57.17;163.07;57.79;189.42;54.35;214.06;47.90;234.15;39.74;250.14;30.75;263.47;21.53;275.36;12.47;286.66;3.93;297.99;--;--;--;--;--;--;--;--;
2019-05-21;--;--;--;--;--;--;--;--;1.66;58.60;9.99;70.02;18.94;81.25;28.17;92.87;37.29;105.66;45.79;120.71;52.88;139.48;57.37;162.97;57.99;189.43;54.54;214.17;48.09;234.29;39.91;250.29;30.92;263.61;21.69;275.49;12.64;286.78;4.10;298.09;--;--;--;--;--;--;--;--;
2019-05-22;--;--;--;--;--;--;--;--;1.81;58.47;10.14;69.88;19.08;81.10;28.31;92.71;37.44;105.48;45.95;120.53;53.06;139.32;57.56;162.87;58.19;189.44;54.73;214.27;48.26;234.43;40.07;250.43;31.08;263.75;21.85;275.61;12.80;286.89;4.28;298.19;--;--;--;--;--;--;--;--;
2019-05-23;--;--;--;--;--;--;--;--;1.97;58.35;10.28;69.74;19.22;80.95;28.45;92.55;37.58;105.31;46.10;120.35;53.22;139.15;57.75;162.76;58.39;189.45;54.92;214.36;48.44;234.56;40.24;250.57;31.24;263.88;22.01;275.74;12.96;287.00;4.44;298.29;--;--;--;--;--;--;--;--;
2019-05-24;--;--;--;--;--;--;--;--;2.11;58.23;10.42;69.61;19.35;80.81;28.58;92.39;37.71;105.14;46.24;120.17;53.39;138.98;57.93;162.66;58.58;189.45;55.10;214.45;48.61;234.69;40.40;250.70;31.39;264.01;22.16;275.85;13.12;287.10;4.61;298.38;--;--;--;--;--;--;--;--;
2019-05-25;--;--;--;--;--;--;--;--;2.25;58.11;10.55;69.47;19.48;80.66;28.70;92.23;37.84;104.97;46.38;119.99;53.54;138.82;58.10;162.55;58.76;189.44;55.28;214.53;48.77;234.81;40.55;250.83;31.54;264.13;22.32;275.96;13.27;287.20;4.77;298.47;--;--;--;--;--;--;--;--;
2019-05-26;--;--;--;--;--;--;--;--;2.39;57.99;10.67;69.34;19.60;80.52;28.82;92.08;37.96;104.80;46.51;119.82;53.69;138.65;58.27;162.43;58.94;189.44;55.45;214.61;48.93;234.92;40.71;250.95;31.69;264.24;22.46;276.07;13.43;287.30;4.92;298.55;--;--;--;--;--;--;--;--;
2019-05-27;--;--;--;--;--;--;--;--;2.52;57.87;10.79;69.22;19.71;80.38;28.93;91.93;38.07;104.64;46.64;119.64;53.83;138.48;58.43;162.32;59.11;189.42;55.62;214.68;49.09;235.03;40.85;251.06;31.84;264.35;22.61;276.16;13.57;287.38;5.08;298.63;--;--;--;--;--;--;--;--;
2019-05-28;--;--;--;--;--;--;--;--;2.64;57.75;10.91;69.09;19.82;80.24;29.03;91.78;38.18;104.48;46.75;119.47;53.97;138.32;58.59;162.21;59.28;189.40;55.78;214.74;49.24;235.13;41.00;251.17;31.98;264.45;22.75;276.26;13.72;287.47;5.22;298.70;--;--;--;--;--;--;--;--;
2019-05-29;--;--;--;--;--;--;--;--;2.76;57.64;11.01;68.96;19.92;80.11;29.13;91.63;38.28;104.32;46.87;119.30;54.10;138.15;58.74;162.09;59.44;189.38;55.94;214.80;49.39;235.22;41.14;251.27;32.12;264.54;22.89;276.34;13.86;287.55;5.37;298.76;--;--;--;--;--;--;--;--;
2019-05-30;--;--;--;--;--;--;--;--;2.87;57.53;11.11;68.84;20.01;79.98;29.23;91.49;38.38;104.16;46.97;119.14;54.22;137.99;58.88;161.97;59.59;189.35;56.09;214.85;49.53;235.31;41.28;251.36;32.25;264.63;23.02;276.43;13.99;287.62;5.51;298.83;--;--;--;--;--;--;--;--;
2019-05-31;--;--;--;--;--;--;--;--;2.97;57.42;11.21;68.72;20.10;79.85;29.32;91.35;38.47;104.01;47.07;118.97;54.33;137.83;59.01;161.85;59.74;189.31;56.24;214.90;49.67;235.39;41.41;251.45;32.38;264.72;23.15;276.50;14.13;287.68;5.65;298.88;--;--;--;--;--;--;--;--;
2019-06-01;--;--;--;--;--;--;--;--;3.07;57.31;11.30;68.61;20.19;79.72;29.40;91.22;38.56;103.86;47.17;118.81;54.44;137.67;59.14;161.73;59.88;189.27;56.38;214.93;49.81;235.46;41.54;251.53;32.51;264.80;23.28;276.57;14.25;287.75;5.78;298.93;--;--;--;--;--;--;--;--;
2019-06-02;--;--;--;--;--;--;--;--;3.16;57.20;11.38;68.49;20.27;79.60;29.47;91.08;38.64;103.72;47.25;118.66;54.55;137.51;59.26;161.60;60.02;189.23;56.52;214.96;49.94;235.53;41.66;251.60;32.63;264.87;23.40;276.64;14.38;287.80;5.90;298.98;--;--;--;--;--;--;--;--;
2019-06-03;--;--;--;--;--;--;--;--;3.24;57.10;11.46;68.38;20.34;79.48;29.54;90.95;38.71;103.57;47.34;118.50;54.64;137.35;59.38;161.48;60.15;189.18;56.65;214.99;50.06;235.58;41.79;251.67;32.75;264.93;23.52;276.70;14.50;287.85;6.03;299.02;--;--;--;--;--;--;--;--;
2019-06-04;--;--;--;--;--;--;--;--;3.32;57.00;11.53;68.28;20.41;79.37;29.61;90.83;38.77;103.44;47.41;118.35;54.73;137.20;59.49;161.35;60.27;189.13;56.77;215.01;50.18;235.64;41.90;251.73;32.86;264.99;23.63;276.75;14.61;287.90;6.15;299.06;--;--;--;--;--;--;--;--;
2019-06-05;--;--;--;--;--;--;--;--;3.40;56.90;11.60;68.17;20.47;79.26;29.67;90.71;38.84;103.30;47.48;118.20;54.82;137.05;59.59;161.23;60.39;189.08;56.89;215.02;50.30;235.68;42.01;251.78;32.97;265.04;23.74;276.80;14.73;287.94;6.26;299.09;--;--;--;--;--;--;--;--;
2019-06-06;--;--;--;--;--;--;--;--;3.46;56.81;11.66;68.07;20.52;79.15;29.72;90.59;38.89;103.17;47.54;118.06;54.89;136.90;59.69;161.10;60.50;189.01;57.00;215.02;50.41;235.72;42.12;251.83;33.08;265.09;23.85;276.84;14.83;287.98;6.37;299.12;--;--;--;--;--;--;--;--;
2019-06-07;--;--;--;--;--;--;--;--;3.53;56.72;11.71;67.97;20.57;79.04;29.77;90.47;38.94;103.05;47.60;117.92;54.96;136.76;59.77;160.98;60.60;188.95;57.11;215.02;50.52;235.75;42.23;251.87;33.18;265.13;23.95;276.88;14.94;288.01;6.47;299.14;--;--;--;--;--;--;--;--;
2019-06-08;--;--;--;--;--;--;--;--;3.58;56.63;11.76;67.88;20.61;78.94;29.81;90.36;38.98;102.92;47.65;117.79;55.02;136.61;59.86;160.85;60.70;188.88;57.22;215.01;50.62;235.77;42.33;251.90;33.28;265.16;24.05;276.91;15.03;288.03;6.57;299.16;--;--;--;--;--;--;--;--;
2019-06-09;--;--;--;--;--;--;--;--;3.63;56.54;11.80;67.79;20.65;78.84;29.84;90.26;39.02;102.81;47.69;117.66;55.08;136.47;59.93;160.73;60.79;188.81;57.31;215.00;50.71;235.79;42.42;251.93;33.37;265.19;24.14;276.93;15.13;288.05;6.67;299.17;--;--;--;--;--;--;--;--;
2019-06-10;--;--;--;--;--;--;--;--;3.67;56.46;11.84;67.70;20.68;78.75;29.87;90.16;39.05;102.70;47.73;117.53;55.13;136.34;60.00;160.61;60.87;188.73;57.40;214.97;50.81;235.80;42.51;251.95;33.46;265.22;24.23;276.95;15.22;288.07;6.76;299.18;-0.81;310.74;--;--;--;--;--;--;
2019-06-11;--;--;--;--;--;--;--;--;3.71;56.38;11.87;67.61;20.71;78.66;29.90;90.06;39.08;102.59;47.76;117.41;55.18;136.21;60.06;160.48;60.95;188.65;57.49;214.95;50.89;235.80;42.59;251.96;33.54;265.23;24.32;276.97;15.30;288.08;6.84;299.19;-0.73;310.74;--;--;--;--;--;--;
2019-06-12;--;--;--;--;--;--;--;--;3.74;56.30;11.89;67.53;20.73;78.57;29.92;89.97;39.10;102.49;47.79;117.30;55.21;136.08;60.11;160.36;61.02;188.57;57.57;214.91;50.97;235.80;42.68;251.97;33.62;265.24;24.39;276.98;15.38;288.08;6.92;299.18;-0.65;310.73;--;--;--;--;--;--;
2019-06-13;--;--;--;--;--;--;--;--;3.76;56.23;11.91;67.46;20.74;78.49;29.93;89.88;39.11;102.39;47.81;117.19;55.24;135.96;60.16;160.24;61.08;188.48;57.64;214.87;51.05;235.78;42.75;251.97;33.70;265.25;24.47;276.98;15.46;288.08;7.00;299.18;-0.57;310.72;--;--;--;--;--;--;
2019-06-14;--;--;--;--;--;--;--;--;3.78;56.16;11.92;67.38;20.75;78.42;29.94;89.80;39.12;102.30;47.82;117.08;55.27;135.84;60.20;160.12;61.14;188.40;57.71;214.83;51.12;235.77;42.82;251.97;33.77;265.24;24.54;276.98;15.53;288.08;7.07;299.17;-0.51;310.70;--;--;--;--;--;--;
2019-06-15;--;--;--;--;--;--;--;--;3.80;56.09;11.93;67.31;20.76;78.34;29.94;89.72;39.12;102.21;47.83;116.98;55.29;135.73;60.24;160.00;61.19;188.30;57.77;214.78;51.18;235.74;42.89;251.95;33.84;265.24;24.61;276.97;15.59;288.07;7.13;299.16;-0.44;310.68;--;--;--;--;--;--;
2019-06-16;--;--;--;--;--;--;--;--;3.80;56.02;11.93;67.25;20.75;78.27;29.94;89.64;39.12;102.13;47.83;116.89;55.30;135.62;60.26;159.89;61.23;188.21;57.82;214.72;51.24;235.71;42.95;251.94;33.90;265.22;24.67;276.96;15.65;288.05;7.19;299.14;-0.39;310.66;--;--;--;--;--;--;
2019-06-17;--;--;--;--;--;--;--;--;3.80;55.96;11.93;67.19;20.75;78.21;29.93;89.58;39.12;102.05;47.83;116.80;55.30;135.51;60.28;159.78;61.27;188.11;57.87;214.65;51.30;235.67;43.00;251.91;33.95;265.20;24.72;276.94;15.71;288.03;7.24;299.11;-0.34;310.63;--;--;--;--;--;--;
2019-06-18;--;--;--;--;--;--;--;--;3.80;55.91;11.92;67.13;20.73;78.15;29.91;89.51;39.10;101.98;47.82;116.72;55.30;135.41;60.30;159.67;61.30;188.02;57.91;214.59;51.34;235.63;43.05;251.88;34.00;265.18;24.77;276.91;15.76;288.01;7.29;299.09;-0.29;310.60;--;--;--;--;--;--;
2019-06-19;--;--;--;--;--;--;--;--;3.79;55.85;11.90;67.08;20.72;78.10;29.90;89.45;39.08;101.92;47.80;116.64;55.30;135.32;60.30;159.56;61.32;187.92;57.95;214.51;51.39;235.58;43.10;251.84;34.05;265.15;24.82;276.89;15.80;287.98;7.33;299.06;-0.25;310.56;--;--;--;--;--;--;
2019-06-20;--;--;--;--;--;--;--;--;3.77;55.81;11.88;67.03;20.69;78.05;29.87;89.40;39.06;101.86;47.78;116.57;55.28;135.23;60.30;159.46;61.34;187.81;57.98;214.43;51.42;235.52;43.14;251.80;34.09;265.11;24.86;276.85;15.84;287.95;7.37;299.02;-0.22;310.52;--;--;--;--;--;--;
2019-06-21;--;--;--;--;--;--;--;--;3.75;55.76;11.86;66.98;20.67;78.00;29.84;89.35;39.03;101.80;47.76;116.51;55.26;135.15;60.29;159.36;61.35;187.71;58.00;214.35;51.45;235.46;43.17;251.75;34.13;265.07;24.90;276.81;15.88;287.91;7.40;298.98;-0.19;310.48;--;--;--;--;--;--;
2019-06-22;--;--;--;--;--;--;--;--;3.72;55.72;11.83;66.94;20.63;77.96;29.81;89.31;39.00;101.76;47.73;116.45;55.24;135.08;60.28;159.26;61.35;187.61;58.02;214.26;51.48;235.39;43.20;251.69;34.16;265.02;24.93;276.77;15.90;287.87;7.43;298.94;-0.17;310.44;--;--;--;--;--;--;
2019-06-23;--;--;--;--;--;--;--;--;3.69;55.68;11.79;66.91;20.59;77.93;29.77;89.28;38.96;101.71;47.69;116.40;55.21;135.01;60.26;159.17;61.34;187.50;58.03;214.17;51.50;235.31;43.23;251.63;34.18;264.97;24.95;276.72;15.93;287.82;7.45;298.89;-0.15;310.39;--;--;--;--;--;--;
2019-06-24;--;--;--;--;--;--;--;--;3.65;55.65;11.75;66.88;20.55;77.90;29.72;89.25;38.92;101.68;47.65;116.35;55.17;134.94;60.23;159.08;61.33;187.40;58.03;214.07;51.51;235.23;43.25;251.57;34.20;264.91;24.97;276.67;15.95;287.77;7.46;298.84;-0.14;310.34;--;--;--;--;--;--;
2019-06-25;--;--;--;--;--;--;--;--;3.60;55.62;11.70;66.85;20.50;77.87;29.68;89.22;38.87;101.65;47.60;116.31;55.13;134.89;60.20;158.99;61.31;187.29;58.03;213.97;51.52;235.14;43.26;251.49;34.22;264.85;24.99;276.61;15.96;287.71;7.47;298.79;-0.14;310.28;--;--;--;--;--;--;
2019-06-26;--;--;--;--;--;--;--;--;3.55;55.59;11.65;66.83;20.45;77.86;29.62;89.20;38.81;101.63;47.55;116.28;55.08;134.84;60.16;158.91;61.29;187.18;58.02;213.86;51.52;235.05;43.27;251.41;34.23;264.78;24.99;276.55;15.96;287.65;7.47;298.73;-0.14;310.22;--;--;--;--;--;--;
2019-06-27;--;--;--;--;--;--;--;--;3.50;55.57;11.59;66.81;20.39;77.84;29.56;89.19;38.75;101.61;47.49;116.26;55.02;134.79;60.11;158.84;61.26;187.08;58.00;213.75;51.52;234.95;43.27;251.33;34.23;264.70;25.00;276.48;15.97;287.59;7.47;298.67;-0.15;310.16;--;--;--;--;--;--;
2019-06-28;--;--;--;--;--;--;--;--;3.44;55.55;11.53;66.80;20.33;77.83;29.50;89.18;38.69;101.60;47.43;116.24;54.96;134.76;60.06;158.77;61.22;186.97;57.98;213.63;51.50;234.85;43.26;251.24;34.23;264.62;25.00;276.41;15.96;287.52;7.46;298.60;-0.17;310.10;--;--;--;--;--;--;
2019-06-29;--;--;--;--;--;--;--;--;3.37;55.54;11.46;66.79;20.26;77.83;29.43;89.18;38.62;101.60;47.36;116.23;54.90;134.73;60.00;158.70;61.17;186.87;57.95;213.52;51.49;234.74;43.25;251.15;34.22;264.54;24.99;276.33;15.95;287.45;7.45;298.53;-0.19;310.03;--;--;--;--;--;--;
2019-06-30;--;--;--;--;--;--;--;--;3.30;55.53;11.39;66.79;20.19;77.83;29.36;89.18;38.55;101.60;47.29;116.22;54.82;134.70;59.93;158.64;61.12;186.76;57.91;213.40;51.46;234.63;43.24;251.05;34.21;264.45;24.98;276.25;15.94;287.37;7.43;298.46;-0.22;309.96;--;--;--;--;--;--;
2019-07-01;--;--;--;--;--;--;--;--;3.22;55.53;11.31;66.79;20.11;77.84;29.28;89.19;38.47;101.61;47.21;116.23;54.75;134.69;59.86;158.58;61.06;186.66;57.87;213.27;51.44;234.52;43.22;250.94;34.19;264.36;24.96;276.17;15.91;287.29;7.40;298.38;-0.25;309.89;--;--;--;--;--;--;
2019-07-02;--;--;--;--;--;--;--;--;3.14;55.53;11.23;66.80;20.03;77.85;29.20;89.21;38.39;101.62;47.13;116.24;54.67;134.68;59.78;158.53;60.99;186.56;57.82;213.15;51.40;234.39;43.19;250.84;34.17;264.26;24.93;276.08;15.89;287.21;7.37;298.30;-0.29;309.81;--;--;--;--;--;--;
2019-07-03;--;--;--;--;--;--;--;--;3.06;55.54;11.15;66.81;19.94;77.87;29.12;89.23;38.31;101.65;47.04;116.25;54.58;134.68;59.69;158.49;60.92;186.46;57.76;213.02;51.36;234.27;43.15;250.72;34.14;264.16;24.90;275.98;15.85;287.12;7.33;298.22;-0.34;309.74;--;--;--;--;--;--;
2019-07-04;--;--;--;--;--;--;--;--;2.96;55.55;11.06;66.83;19.85;77.89;29.03;89.26;38.22;101.68;46.95;116.28;54.48;134.68;59.60;158.45;60.83;186.36;57.70;212.89;51.31;234.14;43.12;250.60;34.10;264.05;24.87;275.89;15.81;287.03;7.28;298.14;-0.39;309.66;--;--;--;--;--;--;
2019-07-05;--;--;--;--;--;--;--;--;2.87;55.56;10.96;66.85;19.76;77.92;28.93;89.29;38.12;101.71;46.85;116.31;54.38;134.69;59.51;158.41;60.75;186.26;57.63;212.76;51.25;234.01;43.07;250.48;34.06;263.94;24.82;275.79;15.77;286.94;7.23;298.05;-0.45;309.57;--;--;--;--;--;--;
2019-07-06;--;--;--;--;--;--;--;--;2.77;55.58;10.86;66.88;19.66;77.95;28.84;89.33;38.02;101.75;46.75;116.35;54.28;134.71;59.40;158.38;60.65;186.17;57.55;212.62;51.19;233.87;43.02;250.36;34.01;263.83;24.78;275.68;15.72;286.84;7.17;297.96;-0.51;309.49;--;--;--;--;--;--;
2019-07-07;--;--;--;--;--;--;--;--;2.66;55.60;10.76;66.92;19.56;77.99;28.73;89.37;37.92;101.80;46.65;116.39;54.17;134.74;59.29;158.36;60.55;186.08;57.47;212.49;51.13;233.73;42.96;250.23;33.96;263.71;24.72;275.57;15.66;286.74;7.11;297.87;-0.59;309.40;--;--;--;--;--;--;
2019-07-08;--;--;--;--;--;--;--;--;2.55;55.63;10.65;66.95;19.45;78.04;28.63;89.43;37.81;101.86;46.54;116.44;54.06;134.77;59.18;158.35;60.45;185.99;57.38;212.35;51.05;233.58;42.90;250.09;33.90;263.59;24.66;275.46;15.60;286.64;7.04;297.77;-0.66;309.31;--;--;--;--;--;--;
2019-07-09;--;--;--;--;--;--;--;--;2.44;55.67;10.54;67.00;19.34;78.09;28.52;89.48;37.70;101.92;46.42;116.50;53.94;134.81;59.05;158.34;60.33;185.90;57.28;212.21;50.97;233.44;42.83;249.95;33.84;263.46;24.60;275.35;15.53;286.53;6.97;297.67;-0.75;309.22;--;--;--;--;--;--;
2019-07-10;--;--;--;--;--;--;--;--;2.32;55.71;10.42;67.05;19.23;78.15;28.41;89.55;37.59;101.99;46.31;116.57;53.81;134.86;58.93;158.33;60.21;185.81;57.18;212.07;50.88;233.29;42.75;249.81;33.76;263.34;24.53;275.23;15.45;286.42;6.89;297.57;--;--;--;--;--;--;--;--;
2019-07-11;--;--;--;--;--;--;--;--;2.19;55.75;10.30;67.10;19.11;78.21;28.29;89.62;37.47;102.06;46.18;116.64;53.69;134.92;58.79;158.33;60.08;185.73;57.07;211.94;50.79;233.13;42.67;249.67;33.69;263.20;24.45;275.11;15.37;286.31;6.80;297.47;--;--;--;--;--;--;--;--;
2019-07-12;--;--;--;--;--;--;--;--;2.06;55.80;10.17;67.16;18.99;78.28;28.17;89.69;37.35;102.14;46.06;116.72;53.55;134.98;58.66;158.34;59.95;185.66;56.95;211.80;50.69;232.98;42.58;249.52;33.60;263.07;24.37;274.98;15.29;286.20;6.70;297.36;--;--;--;--;--;--;--;--;
2019-07-13;--;--;--;--;--;--;--;--;1.93;55.85;10.05;67.22;18.86;78.35;28.04;89.77;37.22;102.23;45.92;116.81;53.41;135.05;58.51;158.35;59.81;185.58;56.83;211.66;50.59;232.82;42.49;249.37;33.51;262.93;24.28;274.86;15.19;286.08;6.60;297.25;--;--;--;--;--;--;--;--;
2019-07-14;--;--;--;--;--;--;--;--;1.79;55.91;9.91;67.29;18.73;78.43;27.92;89.86;37.09;102.33;45.79;116.91;53.27;135.12;58.36;158.37;59.66;185.51;56.70;211.52;50.47;232.66;42.39;249.22;33.42;262.79;24.18;274.73;15.09;285.96;6.50;297.14;--;--;--;--;--;--;--;--;
2019-07-15;--;--;--;--;--;--;--;--;1.65;55.97;9.78;67.37;18.60;78.52;27.78;89.96;36.96;102.43;45.65;117.01;53.12;135.21;58.20;158.40;59.51;185.44;56.56;211.38;50.35;232.50;42.28;249.06;33.32;262.64;24.08;274.59;14.99;285.84;6.39;297.03;--;--;--;--;--;--;--;--;
2019-07-16;--;--;--;--;--;--;--;--;1.51;56.04;9.64;67.45;18.47;78.61;27.65;90.06;36.82;102.53;45.51;117.12;52.97;135.30;58.04;158.43;59.35;185.38;56.42;211.24;50.23;232.34;42.17;248.90;33.21;262.50;23.98;274.46;14.88;285.71;6.27;296.91;--;--;--;--;--;--;--;--;
2019-07-17;--;--;--;--;--;--;--;--;1.36;56.11;9.49;67.53;18.33;78.70;27.51;90.16;36.68;102.65;45.36;117.23;52.81;135.40;57.88;158.47;59.19;185.32;56.27;211.10;50.10;232.18;42.05;248.74;33.10;262.35;23.86;274.32;14.76;285.59;6.14;296.80;--;--;--;--;--;--;--;--;
2019-07-18;--;--;--;--;--;--;--;--;1.20;56.19;9.35;67.62;18.18;78.80;27.37;90.27;36.54;102.77;45.21;117.35;52.65;135.50;57.71;158.51;59.01;185.26;56.11;210.96;49.96;232.01;41.92;248.58;32.98;262.19;23.74;274.18;14.64;285.46;6.01;296.68;--;--;--;--;--;--;--;--;
2019-07-19;--;--;--;--;--;--;--;--;1.05;56.27;9.20;67.72;18.04;78.91;27.23;90.39;36.39;102.89;45.06;117.48;52.49;135.61;57.53;158.56;58.84;185.21;55.95;210.83;49.82;231.84;41.79;248.41;32.85;262.04;23.62;274.04;14.51;285.33;5.88;296.56;--;--;--;--;--;--;--;--;
2019-07-20;--;--;--;--;--;--;--;--;0.88;56.36;9.04;67.82;17.89;79.02;27.08;90.51;36.24;103.02;44.90;117.62;52.32;135.73;57.35;158.62;58.65;185.16;55.78;210.69;49.66;231.68;41.65;248.24;32.72;261.88;23.49;273.89;14.38;285.19;5.74;296.44;--;--;--;--;--;--;--;--;
2019-07-21;--;--;--;--;--;--;--;--;0.72;56.45;8.88;67.92;17.74;79.14;26.93;90.64;36.09;103.16;44.74;117.76;52.14;135.85;57.16;158.68;58.47;185.11;55.60;210.56;49.51;231.51;41.51;248.08;32.59;261.72;23.35;273.74;14.24;285.06;5.59;296.31;--;--;--;--;--;--;--;--;
2019-07-22;--;--;--;--;--;--;--;--;0.55;56.55;8.72;68.04;17.58;79.27;26.77;90.78;35.93;103.31;44.57;117.90;51.96;135.98;56.97;158.75;58.27;185.07;55.42;210.42;49.34;231.34;41.36;247.91;32.44;261.56;23.21;273.59;14.09;284.92;5.43;296.19;--;--;--;--;--;--;--;--;
2019-07-23;--;--;--;--;--;--;--;--;0.38;56.65;8.56;68.15;17.42;79.39;26.62;90.92;35.77;103.46;44.40;118.06;51.78;136.12;56.77;158.82;58.07;185.03;55.23;210.29;49.17;231.17;41.20;247.73;32.29;261.40;23.06;273.44;13.94;284.78;5.27;296.06;--;--;--;--;--;--;--;--;
2019-07-24;--;--;--;--;--;--;--;--;0.20;56.76;8.39;68.27;17.26;79.53;26.46;91.06;35.61;103.61;44.23;118.22;51.59;136.26;56.57;158.90;57.86;185.00;55.04;210.16;49.00;231.00;41.04;247.56;32.14;261.23;22.91;273.29;13.78;284.64;5.11;295.93;--;--;--;--;--;--;--;--;
2019-07-25;--;--;--;--;--;--;--;--;0.03;56.87;8.22;68.40;17.10;79.67;26.29;91.21;35.44;103.78;44.06;118.39;51.40;136.41;56.36;158.99;57.65;184.97;54.84;210.04;48.82;230.83;40.87;247.39;31.98;261.07;22.75;273.14;13.62;284.50;4.94;295.81;--;--;--;--;--;--;--;--;
2019-07-26;--;--;--;--;--;--;--;--;-0.16;56.99;8.05;68.53;16.93;79.81;26.13;91.37;35.27;103.94;43.88;118.56;51.21;136.57;56.15;159.08;57.43;184.94;54.63;209.91;48.63;230.66;40.70;247.21;31.81;260.90;22.58;272.98;13.45;284.36;4.76;295.68;--;--;--;--;--;--;--;--;
2019-07-27;--;--;--;--;--;--;--;--;-0.34;57.11;7.87;68.67;16.76;79.96;25.96;91.53;35.10;104.12;43.70;118.74;51.01;136.73;55.93;159.17;57.21;184.92;54.42;209.79;48.43;230.49;40.52;247.03;31.64;260.73;22.41;272.82;13.27;284.21;4.58;295.54;--;--;--;--;--;--;--;--;
2019-07-28;--;--;--;--;--;--;--;--;-0.53;57.23;7.70;68.81;16.59;80.12;25.79;91.70;34.93;104.30;43.51;118.92;50.81;136.89;55.71;159.27;56.98;184.91;54.20;209.67;48.23;230.33;40.33;246.86;31.46;260.56;22.23;272.67;13.09;284.06;4.39;295.41;--;--;--;--;--;--;--;--;
2019-07-29;--;--;--;--;--;--;--;--;-0.72;57.37;7.51;68.96;16.41;80.28;25.62;91.87;34.75;104.48;43.32;119.11;50.60;137.07;55.48;159.38;56.75;184.89;53.98;209.55;48.03;230.16;40.14;246.68;31.28;260.39;22.05;272.51;12.90;283.92;4.19;295.28;--;--;--;--;--;--;--;--;
2019-07-30;--;--;--;--;--;--;--;--;--;--;7.33;69.11;16.23;80.44;25.44;92.05;34.57;104.67;43.13;119.30;50.39;137.24;55.25;159.49;56.51;184.88;53.75;209.43;47.82;229.99;39.94;246.50;31.09;260.22;21.86;272.34;12.71;283.77;3.99;295.14;--;--;--;--;--;--;--;--;
2019-07-31;--;--;--;--;--;--;--;--;--;--;7.14;69.27;16.05;80.61;25.26;92.24;34.39;104.87;42.94;119.50;50.17;137.43;55.02;159.60;56.26;184.88;53.52;209.32;47.60;229.82;39.74;246.32;30.89;260.05;21.67;272.18;12.51;283.62;3.79;295.01;--;--;--;--;--;--;--;--;
2019-08-01;--;--;--;--;--;--;--;--;--;--;6.95;69.43;15.87;80.79;25.08;92.42;34.20;105.07;42.74;119.71;49.96;137.62;54.78;159.72;56.01;184.88;53.27;209.21;47.38;229.66;39.53;246.14;30.69;259.87;21.47;272.02;12.31;283.47;3.58;294.87;--;--;--;--;--;--;--;--;
2019-08-02;--;--;--;--;--;--;--;--;--;--;6.76;69.59;15.69;80.97;24.90;92.62;34.01;105.27;42.54;119.92;49.73;137.81;54.53;159.85;55.76;184.88;53.03;209.10;47.15;229.49;39.32;245.97;30.48;259.70;21.26;271.86;12.10;283.32;3.36;294.73;--;--;--;--;--;--;--;--;
2019-08-03;--;--;--;--;--;--;--;--;--;--;6.57;69.77;15.50;81.15;24.71;92.82;33.82;105.48;42.33;120.14;49.51;138.01;54.28;159.97;55.50;184.89;52.78;208.99;46.91;229.33;39.10;245.79;30.27;259.52;21.05;271.69;11.89;283.16;3.14;294.60;--;--;--;--;--;--;--;--;
2019-08-04;--;--;--;--;--;--;--;--;--;--;6.37;69.94;15.31;81.34;24.53;93.02;33.63;105.70;42.13;120.36;49.28;138.21;54.03;160.11;55.23;184.90;52.52;208.89;46.67;229.17;38.87;245.61;30.05;259.35;20.84;271.52;11.67;283.01;2.91;294.46;--;--;--;--;--;--;--;--;
2019-08-05;--;--;--;--;--;--;--;--;--;--;6.17;70.12;15.12;81.54;24.34;93.23;33.44;105.92;41.92;120.58;49.05;138.42;53.77;160.25;54.97;184.91;52.26;208.79;46.43;229.01;38.64;245.43;29.83;259.17;20.62;271.36;11.44;282.86;2.68;294.32;--;--;--;--;--;--;--;--;
2019-08-06;--;--;--;--;--;--;--;--;--;--;5.97;70.31;14.93;81.74;24.14;93.44;33.24;106.15;41.70;120.81;48.81;138.63;53.51;160.39;54.69;184.93;51.99;208.69;46.17;228.85;38.40;245.25;29.60;259.00;20.39;271.19;11.22;282.70;2.44;294.18;--;--;--;--;--;--;--;--;
2019-08-07;--;--;--;--;--;--;--;--;--;--;5.77;70.50;14.73;81.94;23.95;93.66;33.04;106.38;41.49;121.05;48.57;138.84;53.25;160.53;54.41;184.95;51.72;208.59;45.92;228.69;38.16;245.08;29.37;258.82;20.16;271.02;10.98;282.54;2.20;294.04;--;--;--;--;--;--;--;--;
2019-08-08;--;--;--;--;--;--;--;--;--;--;5.56;70.69;14.53;82.15;23.75;93.88;32.83;106.61;41.27;121.29;48.33;139.06;52.98;160.68;54.13;184.98;51.44;208.50;45.66;228.53;37.91;244.90;29.13;258.64;19.92;270.85;10.74;282.39;1.95;293.90;--;--;--;--;--;--;--;--;
2019-08-09;--;--;--;--;--;--;--;--;--;--;5.36;70.89;14.33;82.36;23.56;94.11;32.63;106.85;41.05;121.53;48.09;139.29;52.71;160.83;53.84;185.01;51.16;208.41;45.39;228.38;37.66;244.72;28.89;258.47;19.68;270.69;10.50;282.23;1.70;293.75;--;--;--;--;--;--;--;--;
2019-08-10;--;--;--;--;--;--;--;--;--;--;5.15;71.09;14.13;82.58;23.35;94.34;32.42;107.09;40.82;121.78;47.84;139.52;52.43;160.99;53.55;185.04;50.87;208.32;45.12;228.22;37.40;244.55;28.64;258.29;19.44;270.52;10.25;282.07;1.44;293.61;--;--;--;--;--;--;--;--;
2019-08-11;--;--;--;--;--;--;--;--;--;--;4.94;71.30;13.93;82.80;23.15;94.57;32.21;107.34;40.60;122.03;47.58;139.75;52.15;161.15;53.26;185.07;50.58;208.24;44.84;228.07;37.14;244.37;28.38;258.11;19.19;270.35;9.99;281.92;1.18;293.47;--;--;--;--;--;--;--;--;
2019-08-12;--;--;--;--;--;--;--;--;--;--;4.72;71.51;13.72;83.03;22.95;94.81;32.00;107.59;40.37;122.29;47.33;139.98;51.87;161.31;52.95;185.11;50.28;208.15;44.56;227.92;36.87;244.20;28.13;257.93;18.93;270.18;9.73;281.76;0.92;293.33;--;--;--;--;--;--;--;--;
2019-08-13;--;--;--;--;--;--;--;--;--;--;4.51;71.73;13.52;83.25;22.74;95.05;31.78;107.84;40.14;122.55;47.07;140.22;51.58;161.48;52.65;185.15;49.98;208.07;44.27;227.77;36.60;244.02;27.86;257.76;18.67;270.01;9.47;281.60;0.64;293.18;--;--;--;--;--;--;--;--;
2019-08-14;--;--;--;--;--;--;--;--;--;--;4.29;71.95;13.31;83.49;22.53;95.30;31.57;108.10;39.90;122.81;46.81;140.46;51.29;161.65;52.34;185.19;49.67;208.00;43.98;227.63;36.32;243.85;27.59;257.58;18.40;269.84;9.20;281.44;0.37;293.04;--;--;--;--;--;--;--;--;
2019-08-15;--;--;--;--;--;--;--;--;--;--;4.07;72.17;13.10;83.73;22.32;95.55;31.35;108.37;39.66;123.08;46.54;140.71;50.99;161.82;52.03;185.24;49.36;207.92;43.68;227.48;36.04;243.68;27.32;257.41;18.13;269.67;8.93;281.28;0.09;292.89;--;--;--;--;--;--;--;--;
2019-08-16;--;--;--;--;--;--;--;--;--;--;3.85;72.40;12.89;83.97;22.11;95.81;31.13;108.63;39.43;123.34;46.28;140.95;50.70;161.99;51.71;185.29;49.05;207.85;43.38;227.34;35.76;243.51;27.04;257.23;17.86;269.50;8.65;281.12;-0.19;292.75;--;--;--;--;--;--;--;--;
2019-08-17;--;--;--;--;--;--;--;--;--;--;3.63;72.63;12.67;84.21;21.90;96.06;30.90;108.90;39.18;123.62;46.01;141.20;50.39;162.17;51.39;185.34;48.73;207.78;43.08;227.20;35.47;243.34;26.76;257.05;17.58;269.33;8.37;280.96;-0.48;292.61;--;--;--;--;--;--;--;--;
2019-08-18;--;--;--;--;--;--;--;--;--;--;3.41;72.87;12.46;84.46;21.68;96.32;30.68;109.17;38.94;123.89;45.73;141.45;50.09;162.34;51.07;185.39;48.41;207.72;42.77;227.06;35.17;243.17;26.48;256.88;17.30;269.16;8.09;280.80;-0.78;292.46;--;--;--;--;--;--;--;--;
2019-08-19;--;--;--;--;--;--;--;--;--;--;3.19;73.11;12.24;84.71;21.46;96.59;30.45;109.45;38.69;124.17;45.46;141.71;49.78;162.52;50.74;185.45;48.08;207.65;42.45;226.92;34.87;243.00;26.19;256.70;17.01;268.99;7.80;280.64;--;--;--;--;--;--;--;--;--;--;
2019-08-20;--;--;--;--;--;--;--;--;--;--;2.96;73.35;12.02;84.97;21.24;96.86;30.22;109.73;38.44;124.45;45.18;141.96;49.47;162.71;50.41;185.51;47.75;207.59;42.14;226.78;34.57;242.83;25.89;256.53;16.72;268.82;7.50;280.48;--;--;--;--;--;--;--;--;--;--;
2019-08-21;--;--;--;--;--;--;--;--;--;--;2.73;73.60;11.80;85.23;21.02;97.13;29.99;110.01;38.19;124.73;44.89;142.22;49.16;162.89;50.08;185.57;47.42;207.53;41.82;226.65;34.26;242.67;25.59;256.36;16.42;268.65;7.21;280.32;--;--;--;--;--;--;--;--;--;--;
2019-08-22;--;--;--;--;--;--;--;--;--;--;2.50;73.85;11.58;85.49;20.80;97.40;29.76;110.29;37.94;125.02;44.61;142.48;48.84;163.08;49.74;185.63;47.08;207.47;41.49;226.52;33.95;242.50;25.29;256.18;16.13;268.48;6.90;280.16;--;--;--;--;--;--;--;--;--;--;
2019-08-23;--;--;--;--;--;--;--;--;--;--;2.27;74.10;11.36;85.76;20.58;97.68;29.52;110.58;37.68;125.31;44.32;142.75;48.52;163.26;49.40;185.70;46.74;207.42;41.16;226.39;33.63;242.34;24.98;256.01;15.82;268.31;6.60;280.00;--;--;--;--;--;--;--;--;--;--;
2019-08-24;--;--;--;--;--;--;--;--;--;--;2.04;74.36;11.13;86.02;20.35;97.96;29.29;110.87;37.42;125.60;44.03;143.01;48.20;163.45;49.06;185.76;46.39;207.37;40.83;226.26;33.31;242.18;24.67;255.84;15.52;268.14;6.29;279.84;--;--;--;--;--;--;--;--;--;--;
2019-08-25;--;--;--;--;--;--;--;--;--;--;1.81;74.62;10.91;86.30;20.12;98.24;29.05;111.16;37.16;125.89;43.74;143.27;47.87;163.64;48.71;185.83;46.05;207.32;40.49;226.13;32.99;242.01;24.36;255.67;15.21;267.97;5.98;279.68;--;--;--;--;--;--;--;--;--;--;
2019-08-26;--;--;--;--;--;--;--;--;--;--;1.58;74.89;10.68;86.57;19.90;98.53;28.81;111.46;36.89;126.18;43.44;143.54;47.54;163.83;48.36;185.90;45.69;207.27;40.15;226.01;32.66;241.85;24.04;255.50;14.89;267.80;5.66;279.52;--;--;--;--;--;--;--;--;--;--;
2019-08-27;--;--;--;--;--;--;--;--;--;--;1.34;75.15;10.45;86.85;19.67;98.81;28.57;111.75;36.63;126.48;43.15;143.81;47.21;164.02;48.01;185.97;45.34;207.22;39.81;225.88;32.33;241.69;23.72;255.33;14.58;267.63;5.35;279.36;--;--;--;--;--;--;--;--;--;--;
2019-08-28;--;--;--;--;--;--;--;--;--;--;1.10;75.42;10.22;87.13;19.43;99.10;28.32;112.05;36.36;126.77;42.85;144.08;46.88;164.21;47.65;186.05;44.98;207.18;39.46;225.76;32.00;241.54;23.40;255.16;14.26;267.46;5.02;279.19;--;--;--;--;--;--;--;--;--;--;
2019-08-29;--;--;--;--;--;--;--;--;--;--;0.87;75.69;9.99;87.41;19.20;99.40;28.08;112.35;36.09;127.07;42.54;144.35;46.54;164.41;47.29;186.12;44.62;207.13;39.11;225.64;31.66;241.38;23.07;254.99;13.93;267.29;4.70;279.03;--;--;--;--;--;--;--;--;--;--;
2019-08-30;--;--;--;--;--;--;--;--;--;--;0.63;75.97;9.76;87.69;18.97;99.69;27.83;112.65;35.82;127.37;42.24;144.61;46.20;164.60;46.93;186.19;44.26;207.09;38.76;225.52;31.32;241.22;22.74;254.82;13.61;267.12;4.37;278.87;--;--;--;--;--;--;--;--;--;--;
2019-08-31;--;--;--;--;--;--;--;--;--;--;0.39;76.25;9.53;87.98;18.73;99.99;27.58;112.96;35.55;127.67;41.93;144.88;45.86;164.79;46.57;186.27;43.89;207.05;38.40;225.41;30.98;241.07;22.41;254.65;13.28;266.95;4.04;278.71;--;--;--;--;--;--;--;--;--;--;
2019-09-01;--;--;--;--;--;--;--;--;--;--;0.15;76.53;9.29;88.27;18.49;100.29;27.33;113.26;35.27;127.97;41.62;145.16;45.52;164.99;46.20;186.35;43.52;207.01;38.04;225.29;30.63;240.92;22.07;254.48;12.95;266.78;3.71;278.55;--;--;--;--;--;--;--;--;--;--;
2019-09-02;--;--;--;--;--;--;--;--;--;--;-0.09;76.81;9.06;88.56;18.25;100.59;27.07;113.57;34.99;128.27;41.31;145.43;45.17;165.18;45.83;186.42;43.15;206.97;37.68;225.18;30.29;240.76;21.73;254.32;12.61;266.62;3.37;278.39;--;--;--;--;--;--;--;--;--;--;
2019-09-03;--;--;--;--;--;--;--;--;--;--;-0.33;77.09;8.82;88.85;18.01;100.89;26.82;113.87;34.71;128.58;40.99;145.70;44.82;165.38;45.46;186.50;42.78;206.94;37.32;225.07;29.93;240.61;21.39;254.15;12.28;266.45;3.03;278.22;--;--;--;--;--;--;--;--;--;--;
2019-09-04;--;--;--;--;--;--;--;--;--;--;-0.57;77.38;8.59;89.15;17.77;101.19;26.56;114.18;34.43;128.88;40.68;145.97;44.47;165.57;45.09;186.58;42.40;206.90;36.95;224.95;29.58;240.46;21.05;253.98;11.94;266.28;2.69;278.06;--;--;--;--;--;--;--;--;--;--;
2019-09-05;--;--;--;--;--;--;--;--;--;--;-0.82;77.67;8.35;89.45;17.53;101.50;26.30;114.49;34.15;129.18;40.36;146.24;44.12;165.76;44.72;186.66;42.02;206.87;36.58;224.84;29.23;240.31;20.70;253.82;11.59;266.11;2.35;277.90;--;--;--;--;--;--;--;--;--;--;
2019-09-06;--;--;--;--;--;--;--;--;--;--;--;--;8.11;89.75;17.29;101.80;26.05;114.80;33.86;129.49;40.04;146.51;43.76;165.95;44.34;186.74;41.64;206.84;36.21;224.74;28.87;240.16;20.35;253.65;11.25;265.94;2.01;277.73;--;--;--;--;--;--;--;--;--;--;
2019-09-07;--;--;--;--;--;--;--;--;--;--;--;--;7.87;90.05;17.04;102.11;25.78;115.11;33.57;129.79;39.72;146.78;43.41;166.15;43.96;186.82;41.26;206.81;35.84;224.63;28.51;240.02;20.00;253.49;10.90;265.78;1.66;277.57;--;--;--;--;--;--;--;--;--;--;
2019-09-08;--;--;--;--;--;--;--;--;--;--;--;--;7.63;90.35;16.79;102.42;25.52;115.42;33.28;130.09;39.39;147.04;43.05;166.34;43.58;186.90;40.88;206.78;35.46;224.52;28.14;239.87;19.65;253.32;10.56;265.61;1.31;277.41;--;--;--;--;--;--;--;--;--;--;
2019-09-09;--;--;--;--;--;--;--;--;--;--;--;--;7.39;90.65;16.55;102.73;25.26;115.74;32.99;130.40;39.07;147.31;42.69;166.53;43.20;186.98;40.49;206.75;35.09;224.42;27.78;239.72;19.30;253.16;10.21;265.44;0.96;277.24;--;--;--;--;--;--;--;--;--;--;
2019-09-10;--;--;--;--;--;--;--;--;--;--;--;--;7.14;90.96;16.30;103.04;24.99;116.05;32.70;130.70;38.74;147.58;42.33;166.72;42.82;187.05;40.10;206.72;34.71;224.31;27.41;239.58;18.94;253.00;9.86;265.27;0.61;277.08;--;--;--;--;--;--;--;--;--;--;
2019-09-11;--;--;--;--;--;--;--;--;--;--;--;--;6.90;91.26;16.05;103.35;24.73;116.36;32.41;131.00;38.41;147.84;41.96;166.91;42.43;187.13;39.72;206.69;34.33;224.21;27.05;239.43;18.58;252.83;9.50;265.10;0.25;276.92;--;--;--;--;--;--;--;--;--;--;
2019-09-12;--;--;--;--;--;--;--;--;--;--;--;--;6.65;91.57;15.80;103.66;24.46;116.67;32.11;131.30;38.08;148.11;41.60;167.10;42.04;187.21;39.33;206.66;33.95;224.11;26.68;239.29;18.22;252.67;9.15;264.94;-0.10;276.75;--;--;--;--;--;--;--;--;--;--;
2019-09-13;--;--;--;--;--;--;--;--;--;--;--;--;6.41;91.87;15.54;103.97;24.19;116.98;31.81;131.60;37.75;148.37;41.23;167.28;41.66;187.29;38.93;206.64;33.57;224.01;26.31;239.15;17.86;252.51;8.79;264.77;-0.46;276.59;--;--;--;--;--;--;--;--;--;--;
2019-09-14;--;--;--;--;--;--;--;--;--;--;--;--;6.16;92.18;15.29;104.28;23.92;117.30;31.51;131.90;37.42;148.63;40.86;167.47;41.27;187.37;38.54;206.61;33.18;223.90;25.93;239.00;17.50;252.35;8.44;264.60;-0.81;276.42;--;--;--;--;--;--;--;--;--;--;
2019-09-15;--;--;--;--;--;--;--;--;--;--;--;--;5.91;92.49;15.04;104.59;23.64;117.61;31.21;132.20;37.08;148.89;40.50;167.65;40.88;187.45;38.15;206.58;32.80;223.80;25.56;238.86;17.14;252.19;8.08;264.43;--;--;--;--;--;--;--;--;--;--;--;--;
2019-09-16;--;--;--;--;--;--;--;--;--;--;--;--;5.67;92.80;14.78;104.90;23.37;117.92;30.91;132.50;36.74;149.15;40.13;167.83;40.49;187.52;37.75;206.56;32.41;223.70;25.19;238.72;16.77;252.03;7.72;264.27;--;--;--;--;--;--;--;--;--;--;--;--;
2019-09-17;--;--;--;--;--;--;--;--;--;--;--;--;5.42;93.11;14.52;105.22;23.10;118.23;30.61;132.80;36.40;149.41;39.75;168.01;40.09;187.60;37.36;206.53;32.02;223.61;24.81;238.58;16.41;251.86;7.36;264.10;--;--;--;--;--;--;--;--;--;--;--;--;
2019-09-18;--;--;--;--;--;--;--;--;--;--;--;--;5.17;93.42;14.27;105.53;22.82;118.54;30.30;133.09;36.07;149.67;39.38;168.19;39.70;187.67;36.96;206.50;31.63;223.51;24.44;238.44;16.04;251.70;7.00;263.93;--;--;--;--;--;--;--;--;--;--;--;--;
2019-09-19;--;--;--;--;--;--;--;--;--;--;--;--;4.92;93.73;14.01;105.84;22.54;118.85;30.00;133.38;35.73;149.92;39.01;168.37;39.31;187.75;36.56;206.48;31.25;223.41;24.06;238.30;15.68;251.54;6.64;263.76;--;--;--;--;--;--;--;--;--;--;--;--;
2019-09-20;--;--;--;--;--;--;--;--;--;--;--;--;4.67;94.04;13.75;106.15;22.26;119.15;29.69;133.68;35.38;150.17;38.64;168.54;38.91;187.82;36.17;206.45;30.86;223.31;23.68;238.16;15.31;251.38;6.28;263.59;--;--;--;--;--;--;--;--;--;--;--;--;
2019-09-21;--;--;--;--;--;--;--;--;--;--;--;--;4.42;94.35;13.49;106.46;21.98;119.46;29.38;133.97;35.04;150.42;38.26;168.72;38.52;187.89;35.77;206.43;30.47;223.21;23.30;238.02;14.94;251.22;5.92;263.42;--;--;--;--;--;--;--;--;--;--;--;--;
2019-09-22;--;--;--;--;--;--;--;--;--;--;--;--;4.16;94.66;13.23;106.77;21.70;119.76;29.07;134.25;34.70;150.67;37.89;168.89;38.12;187.96;35.37;206.40;30.08;223.12;22.93;237.88;14.57;251.06;5.55;263.25;--;--;--;--;--;--;--;--;--;--;--;--;
2019-09-23;--;--;--;--;--;--;--;--;--;--;--;--;3.91;94.97;12.97;107.08;21.42;120.07;28.76;134.54;34.35;150.91;37.51;169.06;37.73;188.03;34.97;206.37;29.69;223.02;22.55;237.74;14.21;250.90;5.19;263.08;--;--;--;--;--;--;--;--;--;--;--;--;
2019-09-24;--;--;--;--;--;--;--;--;--;--;--;--;3.66;95.28;12.70;107.38;21.14;120.37;28.45;134.82;34.01;151.15;37.13;169.22;37.33;188.10;34.57;206.34;29.30;222.92;22.17;237.60;13.84;250.74;4.83;262.91;--;--;--;--;--;--;--;--;--;--;--;--;
2019-09-25;--;--;--;--;--;--;--;--;--;--;--;--;3.40;95.59;12.44;107.69;20.85;120.67;28.14;135.11;33.66;151.39;36.76;169.39;36.94;188.16;34.18;206.32;28.91;222.83;21.79;237.46;13.47;250.58;4.47;262.74;--;--;--;--;--;--;--;--;--;--;--;--;
2019-09-26;--;--;--;--;--;--;--;--;--;--;--;--;3.15;95.89;12.17;108.00;20.57;120.97;27.82;135.39;33.31;151.63;36.38;169.55;36.54;188.23;33.78;206.29;28.52;222.73;21.42;237.33;13.11;250.42;4.11;262.57;--;--;--;--;--;--;--;--;--;--;--;--;
2019-09-27;--;--;--;--;--;--;--;--;--;--;--;--;2.89;96.20;11.91;108.30;20.28;121.27;27.51;135.66;32.97;151.86;36.00;169.71;36.15;188.29;33.38;206.26;28.13;222.63;21.04;237.19;12.74;250.26;3.75;262.40;--;--;--;--;--;--;--;--;--;--;--;--;
2019-09-28;--;--;--;--;--;--;--;--;--;--;--;--;2.64;96.51;11.64;108.60;20.00;121.56;27.20;135.94;32.62;152.09;35.62;169.86;35.75;188.35;32.98;206.23;27.74;222.54;20.66;237.05;12.37;250.10;3.39;262.23;--;--;--;--;--;--;--;--;--;--;--;--;
2019-09-29;--;--;--;--;--;--;--;--;--;--;--;--;2.38;96.81;11.38;108.91;19.71;121.85;26.88;136.21;32.27;152.32;35.25;170.02;35.36;188.41;32.58;206.20;27.35;222.44;20.29;236.91;12.01;249.94;3.03;262.06;--;--;--;--;--;--;--;--;--;--;--;--;
2019-09-30;--;--;--;--;--;--;--;--;--;--;--;--;2.13;97.12;11.11;109.21;19.42;122.15;26.56;136.48;31.92;152.54;34.87;170.17;34.96;188.47;32.19;206.17;26.96;222.34;19.91;236.77;11.64;249.77;2.67;261.89;--;--;--;--;--;--;--;--;--;--;--;--;
2019-10-01;--;--;--;--;--;--;--;--;--;--;--;--;1.87;97.42;10.84;109.50;19.13;122.43;26.25;136.74;31.57;152.76;34.49;170.31;34.57;188.52;31.79;206.14;26.58;222.24;19.54;236.63;11.28;249.61;2.32;261.71;--;--;--;--;--;--;--;--;--;--;--;--;
2019-10-02;--;--;--;--;--;--;--;--;--;--;--;--;1.61;97.72;10.57;109.80;18.85;122.72;25.93;137.01;31.22;152.98;34.11;170.46;34.18;188.58;31.40;206.10;26.19;222.14;19.16;236.49;10.92;249.45;1.96;261.54;--;--;--;--;--;--;--;--;--;--;--;--;
2019-10-03;--;--;--;--;--;--;--;--;--;--;--;--;1.36;98.02;10.30;110.09;18.56;123.00;25.61;137.27;30.87;153.20;33.74;170.60;33.78;188.63;31.00;206.07;25.81;222.05;18.79;236.35;10.56;249.29;1.61;261.36;--;--;--;--;--;--;--;--;--;--;--;--;
2019-10-04;--;--;--;--;--;--;--;--;--;--;--;--;1.10;98.32;10.03;110.39;18.27;123.28;25.29;137.53;30.52;153.41;33.36;170.74;33.39;188.68;30.61;206.03;25.42;221.95;18.42;236.22;10.20;249.13;1.26;261.19;--;--;--;--;--;--;--;--;--;--;--;--;
2019-10-05;--;--;--;--;--;--;--;--;--;--;--;--;0.84;98.61;9.76;110.68;17.98;123.56;24.97;137.78;30.18;153.62;32.98;170.88;33.00;188.72;30.22;206.00;25.04;221.85;18.05;236.08;9.84;248.96;0.90;261.01;--;--;--;--;--;--;--;--;--;--;--;--;
2019-10-06;--;--;--;--;--;--;--;--;--;--;--;--;0.58;98.91;9.49;110.96;17.68;123.84;24.66;138.03;29.83;153.82;32.61;171.01;32.61;188.77;29.83;205.96;24.66;221.75;17.68;235.93;9.48;248.80;0.56;260.84;--;--;--;--;--;--;--;--;--;--;--;--;
2019-10-07;--;--;--;--;--;--;--;--;--;--;--;--;0.32;99.20;9.22;111.25;17.39;124.11;24.34;138.28;29.48;154.02;32.24;171.14;32.22;188.81;29.44;205.92;24.28;221.65;17.32;235.79;9.13;248.64;0.21;260.66;--;--;--;--;--;--;--;--;--;--;--;--;
2019-10-08;--;--;--;--;--;--;--;--;--;--;--;--;0.06;99.49;8.95;111.53;17.10;124.38;24.02;138.52;29.13;154.22;31.86;171.26;31.84;188.85;29.06;205.88;23.90;221.55;16.95;235.65;8.78;248.47;-0.14;260.48;--;--;--;--;--;--;--;--;--;--;--;--;
2019-10-09;--;--;--;--;--;--;--;--;--;--;--;--;-0.20;99.78;8.68;111.81;16.81;124.64;23.70;138.76;28.78;154.41;31.49;171.39;31.45;188.89;28.67;205.84;23.53;221.44;16.59;235.51;8.43;248.31;-0.48;260.31;--;--;--;--;--;--;--;--;--;--;--;--;
2019-10-10;--;--;--;--;--;--;--;--;--;--;--;--;-0.45;100.06;8.41;112.09;16.52;124.91;23.38;139.00;28.43;154.60;31.12;171.51;31.07;188.93;28.29;205.79;23.16;221.34;16.23;235.37;8.08;248.14;-0.82;260.13;--;--;--;--;--;--;--;--;--;--;--;--;
2019-10-11;--;--;--;--;--;--;--;--;--;--;--;--;-0.71;100.35;8.14;112.36;16.23;125.17;23.06;139.23;28.09;154.79;30.75;171.62;30.68;188.96;27.91;205.75;22.78;221.24;15.87;235.23;7.73;247.97;--;--;--;--;--;--;--;--;--;--;--;--;--;--;
2019-10-12;--;--;--;--;--;--;--;--;--;--;--;--;--;--;7.87;112.63;15.93;125.42;22.74;139.46;27.74;154.97;30.38;171.74;30.30;188.99;27.53;205.70;22.41;221.13;15.52;235.08;7.39;247.81;--;--;--;--;--;--;--;--;--;--;--;--;--;--;
2019-10-13;--;--;--;--;--;--;--;--;--;--;--;--;--;--;7.59;112.90;15.64;125.67;22.42;139.68;27.39;155.15;30.01;171.84;29.93;189.02;27.15;205.66;22.05;221.03;15.16;234.94;7.05;247.64;--;--;--;--;--;--;--;--;--;--;--;--;--;--;
2019-10-14;--;--;--;--;--;--;--;--;--;--;--;--;--;--;7.32;113.16;15.35;125.92;22.11;139.90;27.05;155.32;29.64;171.95;29.55;189.04;26.77;205.61;21.68;220.92;14.81;234.80;6.71;247.47;--;--;--;--;--;--;--;--;--;--;--;--;--;--;
2019-10-15;--;--;--;--;--;--;--;--;--;--;--;--;--;--;7.05;113.43;15.06;126.17;21.79;140.12;26.71;155.49;29.28;172.05;29.17;189.07;26.40;205.56;21.32;220.81;14.47;234.65;6.37;247.30;--;--;--;--;--;--;--;--;--;--;--;--;--;--;
2019-10-16;--;--;--;--;--;--;--;--;--;--;--;--;--;--;6.78;113.68;14.76;126.41;21.47;140.33;26.36;155.65;28.92;172.15;28.80;189.09;26.03;205.50;20.96;220.71;14.12;234.51;6.04;247.14;--;--;--;--;--;--;--;--;--;--;--;--;--;--;
2019-10-17;--;--;--;--;--;--;--;--;--;--;--;--;--;--;6.51;113.94;14.47;126.65;21.16;140.54;26.02;155.81;28.56;172.24;28.43;189.10;25.67;205.45;20.61;220.60;13.78;234.36;5.71;246.97;--;--;--;--;--;--;--;--;--;--;--;--;--;--;
2019-10-18;--;--;--;--;--;--;--;--;--;--;--;--;--;--;6.24;114.19;14.18;126.88;20.84;140.74;25.68;155.97;28.20;172.34;28.06;189.12;25.30;205.39;20.26;220.49;13.44;234.21;5.39;246.80;--;--;--;--;--;--;--;--;--;--;--;--;--;--;
2019-10-19;--;--;--;--;--;--;--;--;--;--;--;--;--;--;5.96;114.44;13.89;127.11;20.53;140.94;25.34;156.12;27.84;172.42;27.70;189.13;24.94;205.34;19.91;220.38;13.11;234.07;5.06;246.62;--;--;--;--;--;--;--;--;--;--;--;--;--;--;
2019-10-20;--;--;--;--;--;--;--;--;--;--;--;--;--;--;5.69;114.68;13.60;127.33;20.21;141.14;25.01;156.27;27.48;172.51;27.34;189.14;24.58;205.28;19.56;220.26;12.77;233.92;4.74;246.45;--;--;--;--;--;--;--;--;--;--;--;--;--;--;
2019-10-21;--;--;--;--;--;--;--;--;--;--;--;--;--;--;5.42;114.92;13.31;127.55;19.90;141.33;24.67;156.42;27.13;172.58;26.98;189.15;24.23;205.22;19.22;220.15;12.44;233.77;4.43;246.28;--;--;--;--;--;--;--;--;--;--;--;--;--;--;
2019-10-22;--;--;--;--;--;--;--;--;--;--;--;--;--;--;5.15;115.15;13.02;127.77;19.59;141.51;24.34;156.55;26.78;172.66;26.62;189.15;23.87;205.15;18.88;220.04;12.12;233.62;4.12;246.11;--;--;--;--;--;--;--;--;--;--;--;--;--;--;
2019-10-23;--;--;--;--;--;--;--;--;--;--;--;--;--;--;4.88;115.39;12.74;127.98;19.28;141.69;24.01;156.69;26.43;172.73;26.27;189.15;23.53;205.09;18.54;219.92;11.80;233.47;3.81;245.93;--;--;--;--;--;--;--;--;--;--;--;--;--;--;
2019-10-24;--;--;--;--;--;--;--;--;--;--;--;--;--;--;4.62;115.61;12.45;128.19;18.97;141.87;23.68;156.82;26.09;172.80;25.92;189.15;23.18;205.02;18.21;219.80;11.48;233.32;3.50;245.76;--;--;--;--;--;--;--;--;--;--;--;--;--;--;
2019-10-25;--;--;--;--;--;--;--;--;--;--;--;--;--;--;4.35;115.84;12.16;128.39;18.66;142.04;23.35;156.94;25.74;172.86;25.57;189.14;22.84;204.95;17.88;219.69;11.17;233.17;3.20;245.59;--;--;--;--;--;--;--;--;--;--;--;--;--;--;
2019-10-26;--;--;--;--;--;--;--;--;--;--;--;--;--;--;4.08;116.05;11.88;128.59;18.36;142.21;23.02;157.07;25.40;172.92;25.22;189.14;22.50;204.88;17.55;219.57;10.86;233.01;2.91;245.41;--;--;--;--;--;--;--;--;--;--;--;--;--;--;
2019-10-27;--;--;--;--;--;--;--;--;--;--;--;--;--;--;3.81;116.27;11.59;128.78;18.05;142.37;22.70;157.18;25.07;172.98;24.88;189.12;22.17;204.81;17.23;219.45;10.55;232.86;2.62;245.24;--;--;--;--;--;--;--;--;--;--;--;--;--;--;
2019-10-28;--;--;--;--;--;--;--;--;--;--;--;--;--;--;3.55;116.48;11.31;128.97;17.75;142.53;22.38;157.29;24.73;173.03;24.55;189.11;21.84;204.74;16.92;219.32;10.25;232.71;2.33;245.06;--;--;--;--;--;--;--;--;--;--;--;--;--;--;
2019-10-29;--;--;--;--;--;--;--;--;--;--;--;--;--;--;3.28;116.68;11.03;129.16;17.45;142.68;22.06;157.40;24.40;173.08;24.21;189.09;21.51;204.66;16.61;219.20;9.96;232.55;2.05;244.88;--;--;--;--;--;--;--;--;--;--;--;--;--;--;
2019-10-30;--;--;--;--;--;--;--;--;--;--;--;--;--;--;3.02;116.88;10.75;129.33;17.15;142.83;21.74;157.50;24.07;173.12;23.88;189.07;21.19;204.58;16.30;219.08;9.66;232.40;1.77;244.71;--;--;--;--;--;--;--;--;--;--;--;--;--;--;
2019-10-31;--;--;--;--;--;--;--;--;--;--;--;--;--;--;2.76;117.08;10.47;129.51;16.85;142.97;21.43;157.60;23.75;173.16;23.56;189.05;20.87;204.50;15.99;218.95;9.38;232.24;1.50;244.53;--;--;--;--;--;--;--;--;--;--;--;--;--;--;
2019-11-01;--;--;--;--;--;--;--;--;--;--;--;--;--;--;2.50;117.27;10.19;129.68;16.56;143.11;21.12;157.69;23.43;173.20;23.24;189.02;20.56;204.42;15.70;218.83;9.10;232.08;1.23;244.35;--;--;--;--;--;--;--;--;--;--;--;--;--;--;
2019-11-02;--;--;--;--;--;--;--;--;--;--;--;--;--;--;2.24;117.45;9.92;129.84;16.27;143.24;20.81;157.78;23.11;173.23;22.92;189.00;20.25;204.34;15.40;218.70;8.82;231.93;0.97;244.17;--;--;--;--;--;--;--;--;--;--;--;--;--;--;
2019-11-03;--;--;--;--;--;--;--;--;--;--;--;--;--;--;1.98;117.63;9.65;130.00;15.98;143.37;20.50;157.87;22.80;173.26;22.61;188.96;19.95;204.25;15.11;218.57;8.55;231.77;0.71;243.99;--;--;--;--;--;--;--;--;--;--;--;--;--;--;
2019-11-04;--;--;--;--;--;--;--;--;--;--;--;--;--;--;1.72;117.81;9.37;130.15;15.69;143.49;20.20;157.94;22.49;173.28;22.30;188.93;19.65;204.16;14.83;218.44;8.28;231.61;0.46;243.81;--;--;--;--;--;--;--;--;--;--;--;--;--;--;
2019-11-05;--;--;--;--;--;--;--;--;--;--;--;--;--;--;1.47;117.98;9.10;130.30;15.40;143.61;19.90;158.02;22.18;173.30;21.99;188.89;19.36;204.07;14.55;218.31;8.02;231.45;0.21;243.63;--;--;--;--;--;--;--;--;--;--;--;--;--;--;
2019-11-06;--;--;--;--;--;--;--;--;--;--;--;--;--;--;1.21;118.15;8.84;130.44;15.12;143.72;19.61;158.09;21.88;173.32;21.69;188.85;19.07;203.98;14.28;218.18;7.76;231.29;-0.03;243.45;--;--;--;--;--;--;--;--;--;--;--;--;--;--;
2019-11-07;--;--;--;--;--;--;--;--;--;--;--;--;--;--;0.96;118.31;8.57;130.58;14.84;143.83;19.32;158.15;21.58;173.33;21.40;188.81;18.78;203.89;14.01;218.05;7.51;231.13;-0.27;243.27;--;--;--;--;--;--;--;--;--;--;--;--;--;--;
2019-11-08;--;--;--;--;--;--;--;--;--;--;--;--;--;--;0.71;118.46;8.31;130.71;14.57;143.93;19.03;158.21;21.29;173.34;21.11;188.76;18.50;203.79;13.75;217.92;7.26;230.97;-0.50;243.09;--;--;--;--;--;--;--;--;--;--;--;--;--;--;
2019-11-09;--;--;--;--;--;--;--;--;--;--;--;--;--;--;0.46;118.61;8.05;130.84;14.29;144.03;18.74;158.27;21.00;173.34;20.82;188.71;18.23;203.70;13.49;217.78;7.02;230.81;-0.72;242.91;--;--;--;--;--;--;--;--;--;--;--;--;--;--;
2019-11-10;--;--;--;--;--;--;--;--;--;--;--;--;--;--;0.22;118.75;7.79;130.96;14.02;144.12;18.46;158.32;20.72;173.34;20.54;188.66;17.96;203.60;13.24;217.65;6.79;230.65;--;--;--;--;--;--;--;--;--;--;--;--;--;--;--;--;
2019-11-11;--;--;--;--;--;--;--;--;--;--;--;--;--;--;-0.03;118.89;7.53;131.08;13.75;144.20;18.19;158.36;20.44;173.34;20.27;188.61;17.70;203.50;12.99;217.51;6.56;230.49;--;--;--;--;--;--;--;--;--;--;--;--;--;--;--;--;
2019-11-12;--;--;--;--;--;--;--;--;--;--;--;--;--;--;-0.27;119.03;7.28;131.19;13.49;144.28;17.91;158.40;20.16;173.33;20.00;188.55;17.44;203.39;12.75;217.38;6.34;230.33;--;--;--;--;--;--;--;--;--;--;--;--;--;--;--;--;
2019-11-13;--;--;--;--;--;--;--;--;--;--;--;--;--;--;-0.51;119.15;7.03;131.30;13.23;144.36;17.65;158.44;19.89;173.32;19.74;188.49;17.19;203.29;12.52;217.24;6.12;230.16;--;--;--;--;--;--;--;--;--;--;--;--;--;--;--;--;
2019-11-14;--;--;--;--;--;--;--;--;--;--;--;--;--;--;-0.74;119.27;6.78;131.39;12.97;144.43;17.38;158.47;19.63;173.31;19.48;188.42;16.95;203.18;12.29;217.10;5.91;230.00;--;--;--;--;--;--;--;--;--;--;--;--;--;--;--;--;
2019-11-15;--;--;--;--;--;--;--;--;--;--;--;--;--;--;--;--;6.54;131.49;12.72;144.49;17.12;158.49;19.37;173.29;19.22;188.36;16.71;203.08;12.07;216.96;5.71;229.84;--;--;--;--;--;--;--;--;--;--;--;--;--;--;--;--;
2019-11-16;--;--;--;--;--;--;--;--;--;--;--;--;--;--;--;--;6.30;131.58;12.47;144.55;16.87;158.52;19.11;173.26;18.98;188.29;16.47;202.97;11.85;216.82;5.51;229.68;--;--;--;--;--;--;--;--;--;--;--;--;--;--;--;--;
2019-11-17;--;--;--;--;--;--;--;--;--;--;--;--;--;--;--;--;6.06;131.66;12.22;144.61;16.62;158.53;18.86;173.24;18.74;188.22;16.25;202.86;11.64;216.68;5.32;229.52;--;--;--;--;--;--;--;--;--;--;--;--;--;--;--;--;
2019-11-18;--;--;--;--;--;--;--;--;--;--;--;--;--;--;--;--;5.83;131.74;11.98;144.65;16.37;158.55;18.62;173.21;18.50;188.15;16.02;202.75;11.44;216.54;5.13;229.35;--;--;--;--;--;--;--;--;--;--;--;--;--;--;--;--;
2019-11-19;--;--;--;--;--;--;--;--;--;--;--;--;--;--;--;--;5.60;131.81;11.74;144.70;16.13;158.55;18.38;173.17;18.27;188.07;15.81;202.63;11.24;216.40;4.95;229.19;--;--;--;--;--;--;--;--;--;--;--;--;--;--;--;--;
2019-11-20;--;--;--;--;--;--;--;--;--;--;--;--;--;--;--;--;5.37;131.88;11.51;144.74;15.89;158.56;18.15;173.14;18.05;187.99;15.60;202.52;11.05;216.26;4.78;229.03;--;--;--;--;--;--;--;--;--;--;--;--;--;--;--;--;
2019-11-21;--;--;--;--;--;--;--;--;--;--;--;--;--;--;--;--;5.14;131.94;11.28;144.77;15.66;158.55;17.92;173.09;17.83;187.91;15.40;202.40;10.87;216.12;4.62;228.87;--;--;--;--;--;--;--;--;--;--;--;--;--;--;--;--;
2019-11-22;--;--;--;--;--;--;--;--;--;--;--;--;--;--;--;--;4.92;131.99;11.05;144.80;15.44;158.55;17.70;173.05;17.62;187.83;15.20;202.29;10.69;215.97;4.46;228.71;--;--;--;--;--;--;--;--;--;--;--;--;--;--;--;--;
2019-11-23;--;--;--;--;--;--;--;--;--;--;--;--;--;--;--;--;4.71;132.04;10.83;144.82;15.21;158.54;17.48;173.00;17.41;187.74;15.02;202.17;10.52;215.83;4.31;228.55;--;--;--;--;--;--;--;--;--;--;--;--;--;--;--;--;
2019-11-24;--;--;--;--;--;--;--;--;--;--;--;--;--;--;--;--;4.50;132.08;10.62;144.84;15.00;158.52;17.27;172.95;17.21;187.65;14.83;202.05;10.36;215.69;4.16;228.39;--;--;--;--;--;--;--;--;--;--;--;--;--;--;--;--;
2019-11-25;--;--;--;--;--;--;--;--;--;--;--;--;--;--;--;--;4.29;132.12;10.41;144.85;14.79;158.50;17.07;172.90;17.02;187.56;14.66;201.93;10.20;215.55;4.02;228.23;--;--;--;--;--;--;--;--;--;--;--;--;--;--;--;--;
2019-11-26;--;--;--;--;--;--;--;--;--;--;--;--;--;--;--;--;4.08;132.15;10.20;144.86;14.58;158.48;16.87;172.84;16.84;187.47;14.49;201.81;10.05;215.41;3.89;228.08;--;--;--;--;--;--;--;--;--;--;--;--;--;--;--;--;
2019-11-27;--;--;--;--;--;--;--;--;--;--;--;--;--;--;--;--;3.89;132.18;10.00;144.86;14.38;158.45;16.68;172.78;16.66;187.38;14.33;201.69;9.91;215.26;3.77;227.92;--;--;--;--;--;--;--;--;--;--;--;--;--;--;--;--;
2019-11-28;--;--;--;--;--;--;--;--;--;--;--;--;--;--;--;--;3.69;132.20;9.81;144.86;14.19;158.42;16.49;172.71;16.48;187.28;14.17;201.57;9.77;215.12;3.65;227.76;--;--;--;--;--;--;--;--;--;--;--;--;--;--;--;--;
2019-11-29;--;--;--;--;--;--;--;--;--;--;--;--;--;--;--;--;3.50;132.22;9.61;144.85;14.00;158.38;16.31;172.64;16.32;187.18;14.02;201.44;9.65;214.98;3.54;227.61;--;--;--;--;--;--;--;--;--;--;--;--;--;--;--;--;
2019-11-30;--;--;--;--;--;--;--;--;--;--;--;--;--;--;--;--;3.31;132.23;9.43;144.84;13.82;158.34;16.14;172.57;16.16;187.08;13.88;201.32;9.52;214.84;3.44;227.46;--;--;--;--;--;--;--;--;--;--;--;--;--;--;--;--;
2019-12-01;--;--;--;--;--;--;--;--;--;--;--;--;--;--;--;--;3.13;132.23;9.25;144.82;13.65;158.30;15.97;172.50;16.01;186.98;13.75;201.19;9.41;214.70;3.34;227.30;--;--;--;--;--;--;--;--;--;--;--;--;--;--;--;--;
2019-12-02;--;--;--;--;--;--;--;--;--;--;--;--;--;--;--;--;2.96;132.23;9.07;144.80;13.48;158.25;15.81;172.42;15.86;186.88;13.62;201.07;9.30;214.56;3.25;227.15;--;--;--;--;--;--;--;--;--;--;--;--;--;--;--;--;
2019-12-03;--;--;--;--;--;--;--;--;--;--;--;--;--;--;--;--;2.79;132.23;8.90;144.77;13.31;158.20;15.66;172.34;15.73;186.77;13.50;200.94;9.20;214.42;3.17;227.00;--;--;--;--;--;--;--;--;--;--;--;--;--;--;--;--;
2019-12-04;--;--;--;--;--;--;--;--;--;--;--;--;--;--;--;--;2.62;132.22;8.74;144.74;13.16;158.14;15.51;172.26;15.60;186.67;13.39;200.82;9.11;214.28;3.09;226.86;--;--;--;--;--;--;--;--;--;--;--;--;--;--;--;--;
2019-12-05;--;--;--;--;--;--;--;--;--;--;--;--;--;--;--;--;2.46;132.20;8.58;144.70;13.01;158.08;15.38;172.18;15.47;186.56;13.29;200.69;9.02;214.14;3.03;226.71;--;--;--;--;--;--;--;--;--;--;--;--;--;--;--;--;
2019-12-06;--;--;--;--;--;--;--;--;--;--;--;--;--;--;--;--;2.30;132.18;8.43;144.66;12.86;158.02;15.24;172.09;15.36;186.45;13.19;200.57;8.95;214.00;2.96;226.57;--;--;--;--;--;--;--;--;--;--;--;--;--;--;--;--;
2019-12-07;--;--;--;--;--;--;--;--;--;--;--;--;--;--;--;--;2.15;132.15;8.29;144.62;12.72;157.95;15.12;172.00;15.25;186.34;13.10;200.44;8.88;213.87;2.91;226.43;--;--;--;--;--;--;--;--;--;--;--;--;--;--;--;--;
2019-12-08;--;--;--;--;--;--;--;--;--;--;--;--;--;--;--;--;2.01;132.12;8.15;144.57;12.59;157.88;15.00;171.91;15.15;186.23;13.02;200.31;8.81;213.73;2.87;226.29;--;--;--;--;--;--;--;--;--;--;--;--;--;--;--;--;
2019-12-09;--;--;--;--;--;--;--;--;--;--;--;--;--;--;--;--;1.87;132.08;8.01;144.51;12.47;157.81;14.89;171.81;15.05;186.11;12.94;200.19;8.76;213.60;2.83;226.15;--;--;--;--;--;--;--;--;--;--;--;--;--;--;--;--;
2019-12-10;--;--;--;--;--;--;--;--;--;--;--;--;--;--;--;--;1.73;132.04;7.88;144.45;12.35;157.73;14.79;171.71;14.97;186.00;12.88;200.06;8.71;213.47;2.80;226.01;--;--;--;--;--;--;--;--;--;--;--;--;--;--;--;--;
2019-12-11;--;--;--;--;--;--;--;--;--;--;--;--;--;--;--;--;1.60;131.99;7.76;144.39;12.24;157.65;14.69;171.61;14.89;185.89;12.82;199.94;8.67;213.34;2.77;225.88;--;--;--;--;--;--;--;--;--;--;--;--;--;--;--;--;
2019-12-12;--;--;--;--;--;--;--;--;--;--;--;--;--;--;--;--;1.48;131.94;7.65;144.32;12.14;157.56;14.60;171.51;14.82;185.77;12.76;199.81;8.63;213.21;2.75;225.75;--;--;--;--;--;--;--;--;--;--;--;--;--;--;--;--;
2019-12-13;--;--;--;--;--;--;--;--;--;--;--;--;--;--;--;--;1.37;131.88;7.54;144.25;12.04;157.48;14.52;171.41;14.75;185.65;12.72;199.69;8.61;213.08;2.74;225.62;--;--;--;--;--;--;--;--;--;--;--;--;--;--;--;--;
2019-12-14;--;--;--;--;--;--;--;--;--;--;--;--;--;--;--;--;1.26;131.82;7.44;144.18;11.95;157.39;14.44;171.30;14.70;185.54;12.68;199.57;8.59;212.95;2.74;225.49;--;--;--;--;--;--;--;--;--;--;--;--;--;--;--;--;
2019-12-15;--;--;--;--;--;--;--;--;--;--;--;--;--;--;--;--;1.15;131.76;7.34;144.10;11.87;157.29;14.38;171.20;14.65;185.42;12.65;199.44;8.58;212.83;2.75;225.37;--;--;--;--;--;--;--;--;--;--;--;--;--;--;--;--;
2019-12-16;--;--;--;--;--;--;--;--;--;--;--;--;--;--;--;--;1.05;131.69;7.25;144.01;11.79;157.20;14.32;171.09;14.61;185.30;12.63;199.32;8.57;212.71;2.76;225.25;--;--;--;--;--;--;--;--;--;--;--;--;--;--;--;--;
2019-12-17;--;--;--;--;--;--;--;--;--;--;--;--;--;--;--;--;0.96;131.61;7.17;143.93;11.72;157.10;14.26;170.98;14.57;185.19;12.62;199.20;8.58;212.59;2.78;225.13;--;--;--;--;--;--;--;--;--;--;--;--;--;--;--;--;
2019-12-18;--;--;--;--;--;--;--;--;--;--;--;--;--;--;--;--;0.88;131.53;7.10;143.84;11.66;157.00;14.22;170.87;14.55;185.07;12.61;199.08;8.59;212.47;2.80;225.02;--;--;--;--;--;--;--;--;--;--;--;--;--;--;--;--;
2019-12-19;--;--;--;--;--;--;--;--;--;--;--;--;--;--;--;--;0.80;131.45;7.03;143.74;11.61;156.89;14.18;170.75;14.53;184.95;12.61;198.96;8.61;212.35;2.83;224.91;--;--;--;--;--;--;--;--;--;--;--;--;--;--;--;--;
2019-12-20;--;--;--;--;--;--;--;--;--;--;--;--;--;--;--;--;0.72;131.36;6.97;143.64;11.56;156.78;14.15;170.64;14.52;184.83;12.62;198.85;8.63;212.24;2.87;224.80;--;--;--;--;--;--;--;--;--;--;--;--;--;--;--;--;
2019-12-21;--;--;--;--;--;--;--;--;--;--;--;--;--;--;--;--;0.66;131.26;6.91;143.54;11.52;156.67;14.13;170.52;14.52;184.71;12.64;198.73;8.66;212.13;2.92;224.70;--;--;--;--;--;--;--;--;--;--;--;--;--;--;--;--;
2019-12-22;--;--;--;--;--;--;--;--;--;--;--;--;--;--;--;--;0.60;131.17;6.86;143.44;11.49;156.56;14.12;170.41;14.52;184.60;12.66;198.62;8.70;212.02;2.97;224.59;--;--;--;--;--;--;--;--;--;--;--;--;--;--;--;--;
2019-12-23;--;--;--;--;--;--;--;--;--;--;--;--;--;--;--;--;0.54;131.07;6.82;143.33;11.46;156.45;14.11;170.29;14.53;184.48;12.69;198.50;8.75;211.92;3.03;224.50;--;--;--;--;--;--;--;--;--;--;--;--;--;--;--;--;
2019-12-24;--;--;--;--;--;--;--;--;--;--;--;--;--;--;--;--;0.50;130.96;6.79;143.22;11.44;156.33;14.11;170.17;14.55;184.36;12.73;198.39;8.81;211.82;3.10;224.40;--;--;--;--;--;--;--;--;--;--;--;--;--;--;--;--;
2019-12-25;--;--;--;--;--;--;--;--;--;--;--;--;--;--;--;--;0.46;130.85;6.76;143.11;11.43;156.22;14.12;170.05;14.58;184.25;12.77;198.28;8.87;211.72;3.18;224.31;--;--;--;--;--;--;--;--;--;--;--;--;--;--;--;--;
2019-12-26;--;--;--;--;--;--;--;--;--;--;--;--;--;--;--;--;0.42;130.74;6.74;142.99;11.43;156.10;14.14;169.93;14.62;184.13;12.83;198.18;8.94;211.62;3.26;224.23;--;--;--;--;--;--;--;--;--;--;--;--;--;--;--;--;
2019-12-27;--;--;--;--;--;--;--;--;--;--;--;--;--;--;--;--;0.40;130.62;6.73;142.87;11.44;155.97;14.16;169.81;14.66;184.01;12.89;198.07;9.01;211.53;3.34;224.15;--;--;--;--;--;--;--;--;--;--;--;--;--;--;--;--;
2019-12-28;--;--;--;--;--;--;--;--;--;--;--;--;--;--;--;--;0.38;130.50;6.73;142.75;11.45;155.85;14.19;169.69;14.71;183.90;12.96;197.97;9.10;211.43;3.44;224.07;--;--;--;--;--;--;--;--;--;--;--;--;--;--;--;--;
2019-12-29;--;--;--;--;--;--;--;--;--;--;--;--;--;--;--;--;0.37;130.38;6.73;142.63;11.47;155.73;14.23;169.57;14.77;183.79;13.03;197.87;9.18;211.35;3.54;223.99;--;--;--;--;--;--;--;--;--;--;--;--;--;--;--;--;
2019-12-30;--;--;--;--;--;--;--;--;--;--;--;--;--;--;--;--;0.36;130.25;6.74;142.50;11.50;155.60;14.28;169.45;14.84;183.67;13.12;197.77;9.28;211.26;3.64;223.92;--;--;--;--;--;--;--;--;--;--;--;--;--;--;--;--;
2019-12-31;--;--;--;--;--;--;--;--;--;--;--;--;--;--;--;--;0.36;130.12;6.76;142.37;11.53;155.47;14.33;169.33;14.91;183.56;13.21;197.67;9.39;211.18;3.76;223.86;--;--;--;--;--;--;--;--;--;--;--;--;--;--;--;--;
2020-01-01;--;--;--;--;--;--;--;--;--;--;--;--;--;--;--;--;0.37;129.96;6.79;142.20;11.59;155.31;14.41;169.17;15.01;183.43;13.33;197.55;9.52;211.09;3.91;223.78;--;--;--;--;--;--;--;--;--;--;--;--;--;--;--;--;
